id,firstName,content
182,Abdullah,About Joseph Haydn, ed composer, and Johann Evangelist Haydn, a tenor. He was also a close friend of Wolfgan
182,Abdullah,About Joseph Haydn,  Austria, Haydn spent much of his career as a court musician for
182,Abdullah,About Joseph Haydn, for the wealthy Esterházy family on their remote estate. Isolated from other composers and trends i
474,Arjun,About Francis I of the Two Sicilies, as King of the TwoAbout Switzerland, s. Switzerland comAbout D.I.S.C
474,Arjun,About Francis I of the Two Sicilies, November 1830) was King of the TwoAbout Anglo-Egyptian Sudan, 9
1989,Wei,About Joseph Haydn,  highly regarded composer, and Johann Evangelist Haydn, a tenor. He was also a clos
1989,Wei,About Pyotr Ilyich Tchaikovsky,  opportunity for a musical career in Russia at that time, and no system of public
1989,Wei,About Garry Kasparov, st ever undispAbout Thomas More, n from the CatAbout Mark Twain, uccess as a wrAbout Euphoria Morni
1989,Wei,About Pyotr Ilyich Tchaikovsky,  practices to which he had been exposed from childhood. From this reconciliati
1989,Wei,About Pyotr Ilyich Tchaikovsky, ng stereotypes of Russian classical music. Tchaikovsky's music was dis
1989,Wei,About Joseph Haydn, e piano trio and in the evolution of sonata form. A lifelong resident of Austria, Haydn spent
1989,Wei,About Joseph Haydn,  one of the most prolific and prominent composers of the Classical period. He is often called the Fat
1989,Wei,About Garry Kasparov, . Kasparov's About Benjamin Franklin, gning for colAbout We To
2239,Nikhil,About Saint Andrew,  each other as well as to the Anglican Church of Singapore. It comprises St Andrew's Junior Sc
2239,Nikhil,About Saint George, a Turnu-Severin, Timişoara, Fakiha, Bteghrine, Cáceres, Ferrara, Freib
2239,Nikhil,About Saint George, India, Iraq, Lithuania, Palestine, Portugal, Serbia, Ukraine and Russia, as well as the citie
2239,Nikhil,About Saint Andrew, ool, St Hilda's Primary School, St Hilda's Secondary School, the Anglican High School
2239,Nikhil,About Augustine of Hippo, ectives. He believed that the grace of Christ was indispensable to human freedom, and h
2715,Abida,About Van Morrison,  live performances at their best are regarded as transcendental and inspired; w
2783,Rafael,About Henry I of England, and the struggles with Anselm over the English investiture
2866,Eve-Mary Thai,About Mr. Brightside, e Radio and XFM, and in April 2010 Last. fm revealed that it was the most
2866,Eve-Mary Thai,About Augustine of Hippo,  is celebrated 28 August, the day of his death. He is the patron saint
2866,Eve-Mary Thai,About Belisarius, ence fiction, written by American authorAbout Elvis Presley, ded by Parker, proceeded to devote much
4355,Yossi,About Arnold Schoenberg, usical thought; at lAbout Manuel Noriega, 2010. He arrived in About Ted Kennedy, of the Senate when hAbout Weird Al Yankovic, mance Single or AlbuAbout New France, oui
4355,Yossi,About Mohammad Khatami, ional relations. The Global Dialogue Prize is one of the world's most significant recogn
4546,Aad,About Whoopi Goldberg, ion. She was co-producer of the popular game show Hollywood Squares from 1998 to 2004
4866,Anura,About Van Morrison, d his professional career when, as a teenager in the late 1950s, he played a variety of instruments including guitar, harmonica, keyboards and saxophone for va
5320,Aditya,About Arthur C. Clarke, a number of pounds sterling equal to the current year (£2008 for year 2008). In recent y
5320,Aditya,About Humayun, also thousands of Persian manuscript in India. Subsequently, in a very short time, Humayun
5320,Aditya,About Tom Cruise, e has starred in a variety of other successful films, including: Rain Man (
6575,Lomana Trésor,About Billie Jean,  States. She won 12 Grand Slam singles titles, 16 Grand Slam women's
6575,Lomana Trésor,About Mr. Brightside, as the most listened to track since the launch of the online music service, with over 7.66 m
6575,Lomana Trésor,About Percy Bysshe Shelley, uthor of the novel Frankenstein (1818) in a new edition by the Bodleian Libr
6673,Am,About Mr. Brightside, owers and Dave Keuning. It was named Song of the Decade by UK radio stations Absolute R
6916,Abdoulaye Khouma,About Joe Biden, dent of the United States. As Vice President, Biden has been heavily involved in
8018,Cheng,About Augustine of Hippo, terward by the Neo-Platonism of Plotinus. After his conversion to Christianity and baptism in AD 387, Augustine
8213,Ivan,About Hot Space,  is the tenth studio album by British rock band Queen, released in May 1982. Marking a
8478,James,About Henry I of England, m Rufus' unpopular reign, garnering the praise of the monkish chroniclers. The differences between the English and Norman populations began to brea
9677,Abhishek,About John F. Kennedy,  improvements to terminals, roadways and inter-terminal transpor
9677,Abhishek,About Francis I of the Two Sicilies, n: Francesco Gennaro Giuseppe; 14 August 1777 – 8
9677,Abhishek,About Che Guevara, sness of a new man driven by About Francis I of the Two Sicilies, f the Two Sicilies (Italian
10349,Ahmad,About Terry Pratchett, British Empire (OBE) in 1998 and was knighted for services to literature in 2009.
10349,Ahmad,About Terry Pratchett, e. He is best known for his popular and long-running Discworld s
10349,Ahmad,About Benito Mussolini, an Social Republic in parts of Italy that were not occupied by Allied forces. In
10349,Ahmad,About Tom Cruise, n the film Risky Business, released in August 1983. Cruise played the
10349,Ahmad,About Thomas Aquinas, , a regional accreditAbout Edmund Allenby, 1st Viscount Allenby, me slow to him. AllenAbout Eaten Bac
10349,Ahmad,About Thaksin Shinawatra, in office. Thaksin and his wife had declared assets totaling 15.1 billion baht when he took office in 2001, although he had transferred many of his assets to his children and associates befor
2199023256212,Andrew,About Mr. Brightside,  2010 Last. fm revealed that it was the most listened to track since t
2199023256462,Emperor of Brazil,About Terry Pratchett, tchett, OBE (born 28 April 1948) is an English novelist, known for
2199023256462,Emperor of Brazil,About Terry Pratchett, best-selling author of the 1990s, and has sold over 70 million books worldwide in
2199023256462,Emperor of Brazil,About Hot Space,  disco, pop music, R&B and dance music on the album, being partially influenced by the su
2199023256462,Emperor of Brazil,About Mr. Brightside,  by Las Vegas-based rock band The Killers. The song is featured on the group's debut
2199023256462,Emperor of Brazil,About Benito Mussolini, ly 1883 – 28 April 1945) was an Italian politician who led the National Fa
2199023256853,Andrey,About Cicero, k among the most influentialAbout Manuel Noriega,  is a former Panamanian poliAbout Ludwig van
2199023259297,Paul,About Tom Cruise,  nominated for three Academy Awards and has won three Golden Globe Awards for the same
2199023259297,Paul,About Mohammad Khatami, es, honoring excellence in research and research communication on the conditions and content
2199023259874,Daniele,About Keith Richards, named him the 4th greatest guitarist of all time. Fourteen songs written by Richards
2199023259874,Daniele,About Keith Richards, songwriting partner Mick Jagger, The Rolling Stones' lead vocalist, are listed amo
2199023260212,Mikhail,About Keith Richards,  named him the 4th greatest guitarist of all time. Fourteen songs written by Richards and songwriting partner Mick Jagger, The Rolling Stones' lead v
2199023260607,Arjun,About Augustine of Hippo, fluential in the development of Western Christianity. According to his contemporary, Jerome, Augu
2199023260607,Arjun,About Frederick II, Holy Roman Emperor, , and thus he was excommAbout Helena Blavatsky, urposes of the TheosophiAbout
2199023260607,Arjun,About Bill Gates, riticized for his business tactics, which have been considered anti-com
2199023260607,Arjun,About Ralph Vaughan Williams,  opera, choral music, and film scores. He was also a collector of English folk music and
2199023261832,Baruch,About Henry I of England, rusade, and the beginning of his reign was occupied by wars with
2199023261953,A.,About Bill Gates, rt-time work, and full-time work at the Bill & Melinda Gates Foundation. He gradually transferred his duties to Ray Ozzie, chief software architect, and Craig Mundie, chief research and strategy officer. Ga
2199023262123,Rainford,About Mr. Brightside, of the online music service, with over 7.66 million plays scrobbled. In
2199023262377,Daniel,About Joe Biden, e chaired the Judiciary Committee during the contentious U.S. Supreme Court nominations of Robert
2199023262673,Arun,About Manuel Noriega, ntonio Noriega MoAbout William Randolph Hearst, e U.S. House of RAbout Anthony
2199023264850,Gheorghe,About Rick Springfield,  (1981) and Success Hasn't SpoiledAbout T-Pain, py Boy Entertainment, establ
2199023265231,Wei,About Titian, pieces, their loose brushwork and subtlety of polychromatic modulations are without preceden
2199023265458,Peter,About Genghis Khan, of a bloodthirsty pagan durinAbout Nepal, rganized into six active
2199023265458,Peter,About Tom Cruise, t appearance in a major film was in 1981's Taps. His first leading role was in the film Ri
2199023265458,Peter,About Sammy Sosa, n during his record settiAbout Lebanon, iterranean. It is bordereAbout Nikita Khr
2199023265489,Jorge,About Terry Pratchett,  since records began in the United Kingdom selling 55,000 copies in
2199023265489,Jorge,About Edmund Allenby, 1st Viscount Allenby, : (He was) physically large About John Quincy Adams, entative from
2199023265489,Jorge,About Benito Mussolini, ed elements of nationalism, corporatism, national syndicalism, expansion
2199023265489,Jorge,About Terry Pratchett, hted in the 2009 New Year Honours. In 2001 he won the Carnegie Medal for his children's no
2199023265941,Sergio,About Pyotr Ilyich Tchaikovsky, ng impression internationally, which he bolstered with appearances as a guest conductor later in his career in Europe and th
2199023265941,Sergio,About Joseph Haydn, court musician for the wealthy Esterházy family on their remote estate. Isolated from other compo
2199023265941,Sergio,About Joseph Haydn, o trio and in the evolution of sonata form. A lifelong resident of Austria, Haydn spent much of his career as a court music
2199023265941,Sergio,About Pyotr Ilyich Tchaikovsky, lody, harmony and other fundamentals of Russian music ra
2199023265941,Sergio,About Joseph Haydn, Classical period. He is often called the Father of the Symphony and Father of the
2199023265941,Sergio,About Pyotr Ilyich Tchaikovsky, r later in his career in Europe and the United States. One of these appearances was a
4398046511304,Rahul,About Hamid Karzai,  December 2001 International Conference on Afghanistan in Germany, Karzai wa
4398046511304,Rahul,About Manuel Noriega, rived in Paris on AprAbout Julie Andrews, ward for Best ActressAbout Empire of Brazil,  daughter Isa
4398046511410,Yang,About Augustine of Hippo, cities and dioceses. Many Protestants, especially Calvinists, consider him to be on
4398046511410,Yang,About Belisarius,  sub-genres of science fictAbout Sierra Leone, r bomb in the war against cAbout Cher,
4398046511410,Yang,About Albert Einstein, al properties of light which laid the foundation of the photon theory of light. In
4398046511886,George,About Mohammad Khatami, tami had run on a platform of liberalization and reform. During
4398046512149,Emperor of Brazil,About BoA, with the single Eat You Up and released her debut English-language album, BoA on March 17, 2
4398046512149,Emperor of Brazil,About Francis I of the Two Sicilies, ing of the Two Sicilies from 1825About Zaire, rives from the
4398046512149,Emperor of Brazil,About BoA,  referred to as the Queen of Korean Pop Music. BoA is a Roman Catholic, she was born and raised in Gyeonggi-do, South Korea, BoA was discovered by SM Entertainment talent agents when she accompanied her older brother to a t
4398046512149,Emperor of Brazil,About Francis I of the Two Sicilies, Sicilies (Italian: FranAbout T. S. Eliot, of J. Alfred Prufrock—sAbout Enjo
4398046512668,Emperor of Brazil,About Hot Space, ng partially influenced by the success of their 1980 hit Another One Bites the Dust. This made the album less popular with fans
4398046513036,Bingbing,About Henry I of England, in England and Normandy, was filled with judicial and financial reforms. He established the biannual Ex
4398046513051,Alexandre,About Mohammad Khatami, rom August 2, 1997 to August 3, 2005. He also served as Iran's Minister of Culture in both the
4398046513126,Carlos,About Pyotr Ilyich Tchaikovsky,  had become secure, with increasing numbers respondin
4398046513126,Carlos,About Pyotr Ilyich Tchaikovsky,  ascribed to cholera, although suicide has been suggested as a possibility. W
4398046513126,Carlos,About Joseph Haydn, one of the most prolific and prominent composers of the Classical period. He
4398046513126,Carlos,About Joseph Haydn, rom other composers and trends in music until the later part of his long life, he was, as he put it, forced to become original.
4398046513126,Carlos,About Pyotr Ilyich Tchaikovsky, on in the late 1880s. Although musically precocious, Tchaikovsky was educated for a career as a civil servant. There w
4398046513126,Carlos,About Joseph Haydn, ated composers in Europe. Joseph Haydn was the brother of Michael Haydn, him
4398046513367,Karishma,About Whoopi Goldberg, k: The Next Generation and as Terry Doolittle in Jumpin' Jack Flash. More rece
4398046513564,Jose,About Heinrich Himmler, nd 500,000 Roma, mAbout Khalid Sheikh Mohammed, n Indonesia, the 1About British North America, re
4398046514433,Amber,About Van Morrison, as received considerable acclaim, including six Grammy Awards, being inducted into both the Rock and Roll Hall of Fame and the Songwriters Hall
4398046515025,Sanjay,About Franz Schubert, g exponents of tAbout Manuel Noriega, 89 invasion of PAbout Béla Bartók
4398046515025,Sanjay,About Hamid Karzai, n, Karzai was declared winner and became President of the Islamic
4398046515723,Lev G.,About Lleyton Hewitt, 001 and 2002). In 2005, TENNIS Magazine put Hewitt in 34th place on its list of the 40 greate
4398046515723,Lev G.,About Muammar Gaddafi, ate of the masses) systemAbout Terry Pratchett, 009. In addition, he was About Ulysses S. Grant,
4398046516877,Chengdong,About Ralph Vaughan Williams, horal music, and film scores. He was also a collector of English folk music and song: this
4398046518085,George,About Mohammad Khatami, logue Among Civilizations, on Khatami's suggestion. On February 8, 2009, Khatami announced tha
4398046518543,Charles,About Mr. Brightside,  by UK radio stations Absolute Radio and XFM, and in April 2010 Last. fm revealed that i
4398046519281,Yasir,About Ernest Hemingway, e he was almost killed in a plane crash that left him in pain or ill-health for much of t
4398046519281,Yasir,About Van Morrison, lly warmly received, sometimes collaborating with other artists, such as Georgie Fame and The Chieftain
4398046519471,Cesar,About Joseph Haydn, eer as a court musician for the wealthy Esterházy family on their remote estate. Isolated from other composers and trends in music until the later part of his long li
4398046519471,Cesar,About Joseph Haydn, . Joseph Haydn was the brother of Michael Haydn, himself a highly regarded compose
4398046519471,Cesar,About Joseph Haydn,  development of the piano trio and in the evolution of sonata form. A lifelong resident
4398046519471,Cesar,About Pyotr Ilyich Tchaikovsky,  of the latter claim, some Europeans lauded Tchaikovsky for offering music more substantive than base exoticism, and thus transcending stereotypes of Russian class
4398046519471,Cesar,About Pyotr Ilyich Tchaikovsky, ic education. When an opportunity for such an education arose, he entered the nascent Saint Petersburg Conservatory, from where he graduate
4398046519471,Cesar,About Pyotr Ilyich Tchaikovsky,  in 1865. The formal Western-oriented teaching he recei
4398046519825,Ahmad Rafiq,About Brian Mulroney, e as Prime Minister was marked by the introduction of major economic reforms, such as the Canada-U.S. Free Trade Agreement and the Goods and Services Tax, a
4398046519825,Ahmad Rafiq,About Brian Mulroney, -U.S. Free Trade Agreement and the Goods and Services Tax, and the rejection of constitutional refor
4398046520505,R.,About Augustine of Hippo, is a saint and pre-eminent Doctor of the Church, and the patron of the Augustinian
4398046520636,Andrei,About Keith Richards,  Richards and songwriting partner Mick Jagger, The Rolling Stones' le
4398046520667,Charles,About Brian Mulroney, e Trade Agreement and the Goods and Services Tax, and the rejection of constitutional
4398046520667,Charles,About Brian Mulroney, greement and the Goods and Services Tax, and the rejection of constitutional refor
4398046521089,Sergio,About Mohammad Khatami, ructive diplomatic relations with other states including those
6597069768955,Rahul,About Judy Garland, was an American actress, singer and vaudevillian. Renowned for her contralto v
6597069770217,Dimitris,About Van Morrison, 967. After Berns' death, Warner Bros. Records bought out his contract and allowed him th
6597069770420,Muhammad,About Whoopi Goldberg,  in television. She was co-producer of the popular game show Hollywood Squares from 1998 to 2
6597069770420,Muhammad,About Ralph Vaughan Williams, ed many folk song arrangements set as hymn tunes, and also i
6597069771225,Allu,About Ralph Vaughan Williams,  music and song: this activity both influenced his editoria
6597069771773,Felix,About Vinicius de Moraes, as a seminal figure in contemporary BraziAbout Ghana,  country located in West Africa. It is boA
6597069771773,Felix,About BoA, tricted the import and export of entertainment between the countries since the end of World War I
6597069771773,Felix,About John F. Kennedy, orld in terms of total flight operations. In the last few years it has made extens
6597069771773,Felix,About Francis I of the Two Sicilies, g of the Two Sicilies About Jacqueline Kennedy O
6597069771773,Felix,About Hector Berlioz, e performed several concerAbout Francis I of the Two Sicilies, co Gennaro Giuseppe; 14 AuAbout Jimmy Carter, his presidential tenure waAbout Beyoncé Knowles, ical film Carmen: A Hip H
6597069771773,Felix,About BoA, a talent search. In 2000, after two years of training, she released ID; Peace B, her debut Korean album. Two years later, she released her debut Japanese album, Listen to My Heart, becoming the f
6597069771930,Rahul,About Hamid Karzai, the 12th and current President of Afghanistan, taking office on 7 December 2004. He became a dominant political figure after the removal of the Taliban regime in late 2001. During the December 2001 International Conference o
6597069772041,Alfred,About Mohammad Khatami, ions for research in the Humanities, honoring excellence in research and research communication on the conditions and content of a global intercultural dialogue on values.. In January 2010 Mohammad Khatami stated
6597069774064,Ayesha,About Terry Pratchett, , made a substantial public donation to the Alzheimer's Research Trust, and film
6597069774064,Ayesha,About Terry Pratchett, 9. In addition, he was knighted in the 2009 New Year Honours. In
6597069774064,Ayesha,About Francis I of the Two Sicilies,  of the Two Sicilies (IAbout Francis Drake,  the Spani
6597069774064,Ayesha,About BoA, tertainment between the countries since the end of World War II. On October 14, 2008,
6597069774064,Ayesha,About Francis I of the Two Sicilies, he Two Sicilies (ItalAbout George Washington, trong, well-financed About Lithuania, c
6597069774064,Ayesha,About BoA, ld War II. On October 14, 2008, BoA debuted in the United States with the single Eat You Up and
6597069774064,Ayesha,About Sammy Sosa, ch spanneAbout Leona Lewis, e worldwiAbout Noam Chomsky, sis articAbo
6597069774064,Ayesha,About Bob Geldof, an adviser to the OAbout Nicholas I of Russia, I Павлович, NikolajAbout Rush Limbaugh,  fro
6597069774280,Antonio,About Joseph Haydn, for the wealthy Esterházy family on their remote estate. Isolated from other composers and trends
6597069774280,Antonio,About Joseph Haydn, r, and Johann Evangelist Haydn, a tenor. He was also a close friend
6597069774280,Antonio,About Joseph Haydn,  himself a highly regarded composer, and Johann Evangelist Haydn, a tenor. He was also a close fri
6597069774986,Joe,About Van Morrison, e pop-hit oriented guidance of Bert Berns with the release of the
6597069774986,Joe,About Terry Pratchett, t, known for his frequently comical work in the fantasy genre. He is best know
6597069774986,Joe,About Terry Pratchett,  Medal for his children's novel The Amazing Maurice and his Educated Rodents. In Decemb
6597069775034,Abdul Jamil,About Van Morrison, ved; however, the next one, Moondance, established Morrison as a major artist,
6597069775034,Abdul Jamil,About Khalid Sheikh Mohammed,  agency of Pakistan, and transfAbout Roger Ebert, eper & the M
6597069777051,Louis,About Mr. Brightside, ed on the group's debut album Hot Fuss and was written by Brandon Flowers an
8796093023201,Ning,About Van Morrison, layed a variety of instruments including guitar, harmonica, keyboards and sax
8796093023472,K.,About Cardinal Richelieu, iquet l'Éminence rouge (the Red Eminence), from the red shade of a cardinal's
8796093023472,K.,About Cardinal Richelieu, was a French clergyman, noble and statesman. Consecrated as a bishop in 1608, he later entered politics, becoming a Secretary of State in 1616. Richeli
8796093023472,K.,About Titian, as often called da Cadore, taken from the place of his birth. Recognized by his contemporarie
8796093023472,K.,About Augustine of Hippo, d pre-eminent Doctor of the Church, and the patron of the Augus
8796093024702,Faisal,About Maggie May, essed with Maggie May as the B-side. In October 1971, the song went to nu
8796093024705,Koji,About Will Ferrell, e comedy films Old School, Elf, Anchorman, Talladega Nights, Stranger than Fiction,
8796093024997,Pierre,About Joe Biden, enate Judiciary Committee, dealing with issues related to drug policy,
8796093025053,Frederick,About Mr. Brightside, with over 7.66 million plays scrobbled. In October 2010, it was vot
8796093025420,Bona Pinder Yayumayalolo,About Mr. Brightside, bbled. In October 2010, it was voted at 9 in the Greatest Guitar Riffs of the 21st Century
8796093026785,Abhishek,About Lleyton Hewitt, lude winning the 2000 US Open men's doubles, the 2001 US Open and 2002 Wimbledon men's singles, and back-to-back Tennis Masters Cup titles (2001 and 2002). In 2
8796093027051,Arjun,About Arthur C. Clarke,  award given for the best science fiction novel first published in the United Kingdom during the previous year. The award was established with a grant from Arthur C. Clarke and t
8796093030850,Monja,About Henry I of England, ts which he brought about in the royal administration, which he rendered
8796093030850,Monja,About Francis I of the Two Sicilies, 830) was King of the Two Sicilies from 18About Bullet with Butterfly Wings, formanc
8796093030850,Monja,About Percy Bysshe Shelley,  16-year-old Mary Godwin. Shelley never lived to see the extent of his success and influence; alt
8796093030850,Monja,About Billie Jean, n The Battle of the Sexes in 1973, in which she defeated Bobby Riggs, a form
8796093031160,A.,About Hamid Karzai, inistration. He was then chosen for a two year term as Interim President during the 2002 loy
8796093031172,Evgeny,About Keith Richards, he Rolling Stones. Rolling Stone magazine said Richards has created
8796093031897,Jean-Pierre,About Van Morrison, h this album would gradually garner high praise, it was initially poorly received
8796093032002,Taufik,About Hamid Karzai, m President during the 2002 loya jirga (grand assembly) that was held i
10995116278056,Zaenal,About Hamid Karzai, e a six month term as Chairman of the Interim Administration. He was then chosen for a
10995116278056,Zaenal,About Cleopatra VII, ter Caesar's assassination in About Manuel Noriega, ga Moreno (born February 11, 1About Roger Ebe
10995116281950,Shweta,About Hamid Karzai, s declared winner and became President of the Islamic Republic of Afghanistan. He won a second five
10995116281950,Shweta,About Manuel Noriega, Paris on April 27, 2010, and after a re-trial as a condition of the extradition,About Western Sahara,  a peaceful resolution. Both Morocc
10995116283093,Jan,About Henry I of England, feated his eldest brother, Robert Curthose, to become Duke of Normandy i
10995116283889,Joe,About Judy Garland, , 1922 – June 22, 1969) was an American actress, singer and vaudevillian. Renowne
10995116284351,Ben,About Pierre Trudeau, reedoms within Canada's constitution. Critics accuse him of arrogance
10995116284351,Ben,About Pierre Trudeau, , but he eventually joined the Liberal Party of Canada when he entered federal politics in the 1960s. He was appointed as Lester Pearson's Parliamentary Secretary, and later became his Minister of Justice. From his ba
10995116284554,Ali,About Nelly Furtado, et for releaseAbout Pliny the Elder, n whom both giAbout Francis I of the Two Sicilies, from 1825
10995116284554,Ali,About Francis I of the Two Sicilies, from 1825 to 1About John Milton, and with respeAbout Uly
10995116284554,Ali,About BoA, rt of entertainment between the countries since the end of World War II. On O
10995116284554,Ali,About BoA,  have two albums selling more than one million copies in Japan and is one of o
10995116284554,Ali,About John F. Kennedy, iginally known as Idlewild Airport until 1963, when it was renamed after John F. Kennedy, the 35th President of t
10995116284575,Jose,About Van Morrison,  in Heaven When You Smile), Domino and Wild Night. An equal part of his catalogue consists of length
10995116285514,Javier,About Joseph Haydn, hy Esterházy family on their remote estate. Isolated from other composers and trends in music until the later part of his long life, he was, as he put it, forced to become original. At the time of his de
10995116285514,Javier,About Joseph Haydn, e String Quartet because of his important contributions to these forms. He was also instrumental in t
10995116285514,Javier,About Joseph Haydn, as one of the most celebrated composers in Europe. Joseph Haydn was the brother of Michael Haydn, h
10995116285747,Koji,About Saint Andrew, ndary School and St Andrew's Junior College. The junior and secondary schools hav
10995116285747,Koji,About Saint George, His memorial is celebrated on 23 April, and he is regarded as one of the most prominent military sa
10995116285747,Koji,About Saint George, the cities of Genoa, Amersfoort, Beirut, Botoşani, Drobeta Turnu-Severin, Timişoar
10995116285747,Koji,About Henry I of England,  part through his dynastic (and personal) choice of a Scottish princess who represe
10995116285747,Koji,About Saint Andrew, y schools have always only admitted male pupils, but female pupils were admitted to the pre-uni
10995116286014,Chun,About Terry Pratchett,  was appointed Officer of the Order of the British Empire (OBE
10995116286014,Chun,About Vinicius de Moraes, was born in Rio dAbout Socrates, orary of Sozomen About Joe Biden, nator in history.About Bi
10995116286014,Chun,About Terry Pratchett, nced that he was suffering from early-onset Alzheimer's disease and, subsequent
10995116286014,Chun,About Thaksin Shinawatra, another. In October, the Thailand Supreme Court found him g
10995116286014,Chun,About BoA, e and English along with native Korean and has recorded songs in Mandarin Ch
10995116286014,Chun,About Francis I of the Two Sicilies, t 1777 – 8 November 1830) was KinAbout Japan, ern military
10995116286014,Chun,About Francis I of the Two Sicilies, o Sicilies from 1825 to 18About Oh, Pretty Woman, onument Records
10995116286014,Chun,About BoA, n the United States with the single Eat You Up and released her debut English-langu
10995116286775,Shinji,About Will Ferrell, Talladega Nights, Stranger than Fiction, Blades of Glory, Semi-Pro, and The Other Guys. He is considered a member of the Frat Pack, a generation of leading Hollywood comic
10995116286786,Balbhadra,About Ralph Vaughan Williams, h Hymnal, beginning in 1904, in which he included many folk
10995116286786,Balbhadra,About Whoopi Goldberg,  Purple (1985) playing Celie, a mistreated black woman in the Deep South. She received a nomina
13194139533742,John,About Mohammad Khatami, g excellence in research and research communication on the conditions and content of a global intercultural dialogue on values.. In January 2010 Mohammad Khatami stated that he was not in the po
13194139534325,Ai,About Keith Richards, es. Rolling Stone magazine said Richards has created rock's grea
13194139534437,Abdul Razzak,About Mr. Brightside, by Las Vegas-based rock band The Killers. The song is featured on the group's debut album Hot Fuss and was written by Brandon Flowers and Dave Keuning. It was named Song of the Decade b
13194139534665,Boris,About Keith Richards, dy of riffs, and has named him the 4th greatest guitarist of all time. Fo
13194139536173,Vinod,About Francis I of the Two Sicilies, cis I of the Two Sicilies (Italian: Francesco GennAbout Restle
13194139536173,Vinod,About John F. Kennedy, ms of passenger traffic, and first in the world in terms of total flight operations.
13194139536173,Vinod,About Jean-Paul Sartre, ing that he aAbout Francis I of the Two Sicilies, r 1830) was KAbo
13194139536173,Vinod,About Vinicius de Moraes, wright, a diplomat About David Foster, allace by D. T. MaxAbout Irvi
13194139536173,Vinod,About BoA, ted States with the single Eat You Up and released her debut English-language album, BoA on March 17, 2009. BoA's multilingual skills (she speaks Japanese and English along with native Korean
13194139536173,Vinod,About BoA, ve two albums selling more than one million copies in Japan and is one of only three artists to have six consecutive number-one studio albums on the Oricon charts
13194139536991,Eugene Moke,About Mr. Brightside,  Song of the Decade by UK radio stations Absolute Radio and XFM, and in April 2010 Last. fm
13194139537876,A.,About Will Ferrell, ered a member of the Frat Pack, a generation of leading Hollywood comic actors who emerged i
13194139539073,Dặng Dinh,About Mohammad Khatami, f liberalization and reform. During his two terms as president, Khatami advocated freedom of
13194139539195,Manuel,About Vinicius de Moraes, Clodoaldo Pereira da Silva Moraes, he was a seminal figAbout Jacques Offenbach, he
13194139539195,Manuel,About BoA,  contributed to her commercial success throughout East Asia. She is the only foreign artist to h
13194139539195,Manuel,About Francis I of the Two Sicilies, e; 14 August 1777 – 8 November 1830About Rembrandt, United States
13194139539195,Manuel,About Otto von Bismarck,  made Prussia dominanAbout Francis I of the Two Sicilies,  1830) was King o
13194139539195,Manuel,About John F. Kennedy, ars it has made extensive improvements to terminals, roadways and inter-termin
13194139539195,Manuel,About John F. Kennedy, ombine to create the largest airport system in the United States,
13194139539195,Manuel,About BoA, ng the fall of barriers that had restricted the import and export of entertainment between the countries
13194139540003,Abhishek,About Bill Gates, philanthropic endeavors, donating large amounts of money to various cha
13194139540317,Peter,About Mohammad Khatami,  Mousavi. In October 2009, the award committee of the Global Dialogue Prize declared Dariush Shayegan and Mohammad Khatami as joint winners of the inaugural award, for their work in developing and promoting the c
13194139541221,Abby,About Ralph Vaughan Williams, symphonies, chamber music, opera, choral music, and film scores. He wa
13194139543604,John,About Hamid Karzai, ominant political figure after the removal of the Taliban regime in late 2001. During the December 2001 International Conference on Afghanistan in Germany, Karzai was selected by prominent Afghan political figures to ser
13194139543604,John,About Manuel Noriega, s a former PanamanianAbout Zooropa, ny of the tour's themAbout Ringo Starr, ed in
13194139543785,Jan,About Mr. Brightside, but album Hot Fuss and was written by Brandon Flowers and Dave Keuning. It was named So
15393162788957,Pablo,About Mr. Brightside, d rock band The Killers. The song is featured on the group's debut album Ho
15393162789519,Joseph,About Humayun,  the eve of his death in 1556, the Mughal empire spanned almost one million square kilometers. He succeed
15393162789959,Alfred,About Pierre Trudeau,  became a charismatic leader, inspiring Trudeaumania. From the lat
15393162789959,Alfred,About Pierre Trudeau, ice. From his base in Montreal, Trudeau took control of the Li
15393162789959,Alfred,About Karol Kučera,  a former top 10 player and About Voltaire, taire was one of several EnlAbout United Stat
15393162789959,Alfred,About Marcus Aurelius, s' death in 169. He was the last of the Five Good Emperors, and is also considered
15393162789959,Alfred,About Ivan Ljubičić, t, after using the Babolat Pure DriveAbout Gish, n 1955, is a contemporary American wrAbo
15393162789959,Alfred,About Ronald Reagan, NF Treaty and the decrease of both countries' nuclear arsenals. Reagan left office in
15393162791340,Babar,About Van Morrison, hat show the influence of Celtic tradition, jazz, and stream-of-consciousness narrative, such as Astral Weeks and lesser-known wo
15393162791508,Alexey,About Keith Richards, rds and songwriting partner Mick Jagger, The Rolling Stones' lead
15393162792064,Adriaan,About Mr. Brightside, er 7.66 million plays scrobbled. In October 2010, it was voted at 9 in the Greatest Guitar Riff
15393162792385,Antonio,About Joseph Haydn, . Joseph Haydn was the brother of Michael Haydn, himself a highly regarded composer, and Joha
15393162792385,Antonio,About Pyotr Ilyich Tchaikovsky, l, his mother's early death and the collapse of the one end
15393162792385,Antonio,About Pyotr Ilyich Tchaikovsky, sical career in Russia at that time, and no system of p
15393162792385,Antonio,About Joseph Haydn, e of the most celebrated composers in Europe. Joseph Haydn was the brother of M
15393162792385,Antonio,About Joseph Haydn,  brother of Michael Haydn, himself a highly regarded composer, a
15393162792385,Antonio,About Pyotr Ilyich Tchaikovsky, era, although suicide has been suggested as a possibility. While his
15393162792385,Antonio,About Joe Strummer, ian allowed him to explore other intAbout Steptacular, ered the UK Albums Chart at numb
15393162793326,Paul,About Rick Springfield, d published his autobiAbout Brian Eno, nd record producer Bri
15393162795090,Michel,About Mary of Teck,  member of the British Royal Family. To her family, she was informally known as May, after her
15393162795700,Timo,About Henry I of England, m Beauclerc for his scholarly interests— he could read Latin
15393162795778,Carlos,About Francis I of the Two Sicilies, August 1777 – 8 November 1830) was King of the TAbout Disc
15393162795778,Carlos,About Vinicius de Moraes, et, he wrote lyrics foAbout Jack Kerouac, ntaneous method
15393162795778,Carlos,About John F. Kennedy, the past, it has been a hub for Eastern Air Lines, National Airlines, Pan American World Air
15393162795778,Carlos,About BoA, r two years of training, she released ID; Peace B, her debut Korean album. Two years later, she rel
15393162795778,Carlos,About BoA, only foreign artist to have two albums selling more than one million copies in Japan and is one of only thre
15393162795778,Carlos,About Francis I of the Two Sicilies, 30) was King of the Two Sicilies from 1825 to About Am
15393162796126,Agustiar,About Hamid Karzai, ce on Afghanistan in Germany, Karzai was selected by prominent Afghan political figures t
15393162796126,Agustiar,About Neil Young, , and daughter Amber Jean About Manuel Noriega, United States he was removAbout Bi
15393162796516,Shweta,About Judy Garland, ability, often owing hundreds of thousands of dollars in back taxes
15393162796686,Olga,About Van Morrison, stablished Morrison as a major artist, and throughout the 1970s he built on his reputation
15393162796686,Olga,About Henry I of England, s. The differences between the English and Norman populations b
15393162796938,Shweta,About Humayun, change in Mughal court culture, as the Central Asian origins of the dynasty were largely overshado
15393162797132,Shweta,About Augustine of Hippo, e Eastern Orthodox Church he is also considered a saint, his feast day being celeb
15393162797132,Shweta,About Judy Garland, and for Best Supporting Actress for her performance in the 1961 film, Judgment at Nuremberg. At 39 years of age, she remains the youngest recipient of the Cecil
15393162797703,Aditya,About Hamid Karzai, ashto: حامد کرزی, Hāmid Karzay; born 24 December 1957) is the 12th and cur
15393162797703,Aditya,About William Shatner, the lyrics instead of singing them, often About Manuel Noriega, is on April 27, 2010, and after a re
15393162797768,A.,About Manuel Noriega, n of the extraAbout Calvin Coolidge, ice with consiAbout El Salvador, I
15393162797768,A.,About Hamid Karzai, er the 2004 presidential election, Karzai was declared winner and became President of the Islamic Re
15393162798794,Arjun,About BoA, 17, 2009. BoA's multilingual skills (she speaks Japanese and English along
15393162798794,Arjun,About BoA, stylized and known by her stage name BoA, which is a backronym for Beat of Angel, is a Korean singer, active
17592186045367,Chris,About Van Morrison, scendental and inspired; while some of his recordings, such as the st
17592186045902,Marat,About Van Morrison, ds covering the popular hits of the day. He rose to prominence in the mid-1960s as the lead
17592186046721,Shweta,About Keith Richards, er, The Rolling Stones' lead vocalist, are listed among Rolling Stone magazine's 50
17592186047024,Wei,About Joseph Haydn, seph Haydn was the brother of Michael Haydn, himself a highly regarded composer, and
17592186047024,Wei,About Titian,  of Italian painters, equally adept with portraits, landscape backgrounds, and m
17592186047024,Wei,About Pyotr Ilyich Tchaikovsky, ples stringently. Vestiges of this last claim still rema
17592186047024,Wei,About Pyotr Ilyich Tchaikovsky, ult life, his 13-year association with the wealthy widow Nadezhda von Meck. His same-se
17592186047024,Wei,About Pyotr Ilyich Tchaikovsky,  awarded a lifetime pension in the late 1880s. Although musically precocious, Tchaikovsky was educated for a career as a civil servant. There was scant opportunity for a musical career in Russia at that
17592186047024,Wei,About Joseph Haydn,  period. He is often called the Father of the Symphony and Father of the
17592186047024,Wei,About Joseph Haydn, on of sonata form. A lifelong resident of Austria, Haydn spent much of h
17592186047030,Aamir,About Will Ferrell,  the mid 1990s as a cast member on the NBC sketch comedy show Saturday Ni
17592186047476,Priyanka,About Hamid Karzai, an regime in late 2001. During the December 2001 International Conference on Afghanistan in Germany, K
17592186047476,Priyanka,About Hamid Karzai, President of the Islamic Republic of Afghanistan. He won a second five-y
17592186047842,Carlos,About Confucius, ot want done to yourself, aAbout Manuel Noriega, undering in 1999. France waAbout The G
17592186047842,Carlos,About Mohammad Khatami, platform of liberalization and reform. During his two terms as president, Khatami advocated
17592186048114,Rahul,About Will Ferrell, d a member of the Frat Pack, a generation of leading Hollywood comic actors who em
17592186048271,Alexander,About Keith Richards, d vocalist, are listed among Rolling Stone magazine's 500 Greatest Songs of
17592186048428,Deepak,About Francis I of the Two Sicilies, s from 1825 to 183About Benjamin Britten, nd instrumental, aAbout Ju
17592186048428,Deepak,About BoA, corded songs in Mandarin Chinese) have contributed to her commercial success throu
17592186048428,Deepak,About John F. Kennedy, rport located in the borough of Queens in New York City, about 12 miles (19 km) southeast of Lower Manhattan. In 2011 it was the busiest international air passenger gate
17592186048428,Deepak,About Vinicius de Moraes, ittle poet), was born in RioAbout Federico Fellini, ber 31, 1993) was an ItalianAbou
17592186048428,Deepak,About Jorge Luis Borges, -story writer, About Francis I of the Two Sicilies, o Sicilies
17592186048428,Deepak,About BoA,  Korean album. Two years later, she released her debut Japanese album, Listen to My Heart, becomi
17592186048745,Eugenia,About Rick Springfield,  I've Done Everything About Margaret Thatcher, e prime minis
17592186048745,Eugenia,About Keith Richards, English musician and songwriter, and a founder member of The Rolling
17592186048745,Eugenia,About BoA, holic, she was born and raised in Gyeonggi-do, South Korea, BoA was discovered by SM Enter
17592186048745,Eugenia,About Francis I of the Two Sicilies, co Gennaro Giuseppe; 14 August 1777 – 8 November 1830) was Ki
17592186048745,Eugenia,About BoA, lbum, Listen to My Heart, becoming the first Korean pop star to break through in Japan following
17592186048745,Eugenia,About Francis I of the Two Sicilies, icilies from 1825 About Clint Eastwood, se to fam
17592186048763,Carlos,About Keith Richards, illicit drug use stems in part from several drug busts during
17592186048918,Peter,About Ralph Vaughan Williams, ish composer of symphonies, chamber music, opera, choral music, and film scores. He was also a collector of English
17592186049675,Ali Muhammad,About Mary of Teck, t son of the Prince of Wales, but six weeks after the announcement of the engagement he died unexpectedly of pneumonia. The following year she became engaged to Albert Victor's next surviving
17592186049711,David,About Mohammad Khatami, r, Shiite theologian and Reformist politician. He served as the fifth President of Iran from August 2, 1997 to August 3, 2005. He also served as Iran's Minister of Culture in both the 1980s and 1990s. He is c
17592186049899,Ivan Ignatyevich,About Rick Springfield, it with Jessie's Girl in 1981 inAbout Nicolas Sarkozy, ) and the Arab Spring. He also mAbout Arthur C. Clarke, thur C. Clarke Award is a BritisAbout China,  provinces, five autonomous regiAbout
17592186051393,Andrey,About Van Morrison, ic Gloria. His solo career began under the pop-hit oriented guidance of Bert Berns with th
17592186051871,Ashok,About Hamid Karzai,  the Islamic Republic of Afghanistan. He won a second five-year-t
17592186052175,R.,About Augustine of Hippo, teaching on salvation and divine grace. In the Eastern Orthodox Church h
17592186052709,Babar,About Van Morrison, e Chieftains. In 2008 he performed Astral Weeks live for the first time since 1968. M
17592186053656,Leonid,About Paul the Apostle, h and not works of the law. Martin Luther's interpretation of Paul's writings heavily influenced Luther's doctrine of sola fide. Paul'
17592186053810,Samuel,About Mr. Brightside, a song performed by Las Vegas-based rock band The Killers. The song i
17592186053840,Juan,About Van Morrison, hern Irish singer-songwriter and musician. His live performances at their best are regarded as
17592186053943,K.,About BoA, a talent search. In 2000, after two years of training, she released ID; Peace B, her debut Korean album. Two
17592186053943,K.,About Francis I of the Two Sicilies, lies (Italian: FrancescoAbout J. K. Rowling, r fantasy series. The PoAbout Ala
17592186053943,K.,About John F. Kennedy, ional, LaGuardia, and Newark International airports combine to create the largest airport system in the United States, second in the world
17592186053943,K.,About Francis I of the Two Sicilies, 777 – 8 NovembAbout Jimmy Page, viewed by critAbout Ralph
17592186053943,K.,About Camille Saint-Saëns, e-Romantic coAbout Manuel Noriega, unts of drug About J. R. R. Tolkie
17592186053943,K.,About BoA, tries since the end of World War II. On October 14, 2008, BoA debuted in the United States with t
17592186054891,Mikhail,About Mr. Brightside, 10 Last. fm revealed that it was the most listened to track since the launch of the onl
17592186054891,Mikhail,About Mr. Brightside, as the most listened to track since the launch of the online music service, with over 7.66 mil
17592186054960,K.,About Manuel Noriega, adition request in April 2010. He arrived in ParisAbout Alexander Hamilton, America for his education. He attended King's Coll
17592186054998,Manuel,About Benito Mussolini, . Following the March on Rome in October 1922 he became the 27th Prime Minister o
17592186054998,Manuel,About Terry Pratchett, n 28 April 1948) is an English novelist, known for his frequently comical work in the fantasy g
17592186054998,Manuel,About John Locke, ration of IndependenceAbout Edmund Allenby, 1st Viscount Allenby, is
17592186054998,Manuel,About Terry Pratchett, cords began in the United Kingdom selling 55,000 copies in the first three days. Pratchett was t
19791209300926,John,About Mao Zedong,  of the Central Committee of the Communist Party of China In officeJune 19, 1945
19791209301396,Binh,About Keith Richards, t of all time. Fourteen songs written by Richards and songwriting partner Mick
19791209302134,Joseph,About Mr. Brightside, ays scrobbled. In October 2010, it was voted at 9 in the Greatest Guitar Riffs of the
19791209302150,Deepa,About Sigmund Freud, logue betweeAbout Manuel Noriega, ney launderiAbout Nikolai Rimsky-Kors
19791209303127,John,About John F. Kennedy, to the United States, handling more international traffic than any other air
19791209303127,John,About Vinicius de Moraes, knamed O PoetAbout Henry I of England, t had charactAbout S
19791209303127,John,About BoA,  to have two albums selling more than one million copies in Japan and is one of o
19791209303127,John,About BoA, ugh in Japan following the fall of barriers that had restricted the import and export
19791209303127,John,About Francis I of the Two Sicilies,  – 8 November 1830) About Ted Kennedy, d as a major figure
19791209303127,John,About John F. Kennedy, s of total flight operations. In the last few years it has made extensive improvements to terminals,
19791209303127,John,About Alexandre Dumas,  a writer and plAbout Francis I of the Two Sicilies,  of the Two SiciAbout Alexander I
19791209303350,George,About Manuel Noriega, he extradition, hAbout C. S. Lewis, ave been populariAbout Lebanon, ndependent
19791209303350,George,About Hamid Karzai, d current President of Afghanistan, taking office on 7 December 2004. He became a dominant
19791209303725,Juan,About Pyotr Ilyich Tchaikovsky, tory, from where he graduated in 1865. The formal Western-oriente
19791209303725,Juan,About Pyotr Ilyich Tchaikovsky, an style—a task that did not prove easy. The principles that
19791209303725,Juan,About Garry Kasparov, mer World Chess Champion,About Band of Gypsys, es rock band Band of GypsAbo
19791209303725,Juan,About Pyotr Ilyich Tchaikovsky, private, has traditionally also been considered a major factor, but m
19791209303725,Juan,About Joseph Haydn,  Esterházy family on their remote estate. Isolated from other composers and trends in music
19791209303725,Juan,About Garry Kasparov, arry Kimovich KasAbout Vladimir Nabokov,  Library 100 BestAbout Henry I of England,  daught
19791209303725,Juan,About Joseph Haydn, is career as a court musician for the wealthy Esterházy family on their remote estate
19791209303725,Juan,About Joseph Haydn, he most celebrated composers in Europe. Joseph Haydn was the brother of Michael Haydn, himself a highly regarded composer, and Johann Evangelist Haydn, a tenor. He was also a close friend of Wolfgang Amadeus Mozart and a
19791209304426,Louisa,About Keith Richards, reatest guitarist of all time. Fourteen songs written by Richards and songwriting
19791209305058,Karan,About Hamid Karzai, for a two year term as Interim President during the 2002 loya jirga (grand assembly) that was held in Kabul, Afghanistan. After the 2004 presidential election, Karzai was declared winner and became President of t
19791209305456,Pedro Miguel,About Ralph Vaughan Williams, ing in 1904, in which he included many folk song arrangements set a
19791209306095,Deepak,About Hamid Karzai,  term as Chairman of the Interim Administration. He was then chose
19791209306718,Ivan,About Keith Richards, er 1943) is an English musician and songwriter, and a founder member of The Rolling Sto
19791209307171,John,About Hamid Karzai,  became a dominant political figure after the removal of the Taliban regime in late 2001
19791209307538,Abhishek,About Martin Luther, ed his I Have aAbout Manuel Noriega, request in ApriAbout Andrew Lloyd Webber, Music of the NiAbou
21990232555607,Deepak,About Hamid Karzai, term as Interim President during the 2002 loya jirga (grand assembly) that was held in Kabul, Afghanistan. After the 2004 presidential election, Karzai was declared winner and
21990232555607,Deepak,About Manuel Noriega, wer, captured, detaineAbout Belgium, e Francophones fuelledAbout Germany, nominations, with the About Egypt
21990232556424,John,About Whoopi Goldberg, ing a slain man find his killer in the blockbuster film Ghost. This performan
21990232557614,Hoang Yen,About Augustine of Hippo,  and the patron of the Augustinian religious order; his memorial is celebr
21990232557978,Ben,About Titian,  as Titian was an Italian painter, the most important member of the 16th-century Ve
21990232558751,Aleksandr,About Keith Richards, test single body of riffs, and has named him the 4th greatest guitar
21990232559401,Mikhail,About Mohammad Khatami, leaders of the Iranian Green Movement, and an outspoken critic
21990232559659,Baruch,About BoA, n Japan following the fall of barriers that had restricted the import and export of entertainment
21990232559659,Baruch,About BoA, es referred to as the Queen of Korean Pop Music. BoA is a Roman Catholic, she was born and raised in
21990232560544,Emperor of Brazil,About John F. Kennedy, the world and sixth busiest in the United States in terms of passenger traffic. T
21990232560544,Emperor of Brazil,About BoA, ompanied her older brother to a talent search. In 2000, after two years of training, she released
21990232560544,Emperor of Brazil,About BoA, is one of only three artists to have six consecutive number-one studio albums on the Oricon
21990232560776,Prakash,About Manuel Noriega, s a prisoner of war, aAbout Grant Morrison, d counter-cultural leaAbout Alexander Ha
21990232560776,Prakash,About Hamid Karzai, year term as Interim President during the 2002 loya jirga (grand assembly)
21990232561626,John,About Percy Bysshe Shelley, the Bodleian Library in Oxford and Random House in the U.S. entitled The Original Fran
21990232561626,John,About Billie Jean, s, 16 Grand Slam women's doubles titles, and 11 Grand Slam mixed doubles titles. King has
21990232561626,John,About Francis I of the Two Sicilies,  – 8 November 1830) was KingAbout Dwight D. Eisenhower, on in 1957 and 196
21990232562514,Hayyim,About Maggie May, d Simon & Garfunkel. The song also topped the charts in Australia
21990232563129,Abhishek,About Francis I of the Two Sicilies, s King of the Two SiciliesAbout Echoes: The Best of Pink Floyd,
21990232563129,Abhishek,About John F. Kennedy, port located in the borough of Queens in New York City, about 12 miles
21990232563129,Abhishek,About BoA,  have two albums selling more than one million copies in Japan and is one of only three artists to have six consecutive number-one studio albums on the Oricon charts s
21990232563129,Abhishek,About Vinicius de Moraes, raes and nicknamed O PoetinhAbout Herbert Hoover,  of the United States (1929–About A
21990232563129,Abhishek,About Raphael, hop Raphael was glorified by the About Francis I of the Two Sicilies, s King of t
21990232563129,Abhishek,About BoA,  Roman Catholic, she was born and raised in Gyeonggi-do, South Korea, BoA was discover
21990232563252,Avraham,About John F. Kennedy, n terms of total flight operations. In the last few years it has made extensive improvements to terminals, roadways and inter-terminal transportation. The airport was originally known as Idlewild Airp
21990232563252,Avraham,About Thaksin Shinawatra, xamination Committee froze Thaksin and his family's assets in Thailand, to
21990232563252,Avraham,About Terry Pratchett,  popular and long-running Discworld series of comic fantasy novels. Pratchett's first novel,
21990232563252,Avraham,About Terry Pratchett, he was knighted in the 2009 New Year Honours. In 2001 he won the Carnegie Medal for his children's novel The Amazing Maurice
21990232563252,Avraham,About Adolf Hitler, itler personally claimeAbout Francis I of the Two Sicilies, s (Italian: Francesco GAbout Fred
21990232563252,Avraham,About Francis I of the Two Sicilies, 1830) was King of the TwAbout John Quincy Adams, emies, a
21990232563484,A.,About Will Ferrell,  starred in the comedy films Old School, Elf, Anchorman, Talladega Nigh
21990232563484,A.,About Ehud Olmert, nister from 1988 to 1992 and fAbout Andre Agassi, ime, Agassi has been called thAbout Great Balls
21990232563660,Amir,About Hamid Karzai, ng the 2002 loya jirga (grand assembly) that was held in Kabul,
21990232563660,Amir,About Manuel Noriega, dition request in April 2010.About OnMyRadio, #1 on the Top R&B Albums charAbout Vincent Price, his distinctive voice and
21990232565211,K.,About BoA, man Catholic, she was born and raised in Gyeonggi-do, South Korea, BoA was discove
21990232565211,K.,About John F. Kennedy, and is a major international gateway hub for American Airlines and Delta Air Lines. In the past, it has been a hub for Eastern Air Lines, National Airlines, Pan American World A
21990232565211,K.,About Francis I of the Two Sicilies, f the Two SiciliAbout How Deep Is Your Love, rack to the filmAbout Tiny D
21990232565211,K.,About Vinicius de Moraes, that became all-time classics. He was also a composAbout The Wheels on the
21990232565211,K.,About BoA, than one million copies in Japan and is one of only three artists to have six consecutive number-one s
21990232565211,K.,About Avril Lavigne, Records. Lavigne bAbout Francis I of the Two Sicilies, Two Sicilie
21990232565298,Salma,About Van Morrison, ruments including guitar, harmonica, keyboards and saxophone for various Irish show
21990232565943,Aden,About Rick Springfield, then started his soloAbout Johann Wolfgang von Goethe, ary output, ranging fAbo
21990232566020,K.,About Will Ferrell, a Nights, Stranger than Fiction, Blades of Glory, Semi-Pro, and The Other Guys. He is considered
24189255811081,Alim,About Joseph Haydn, om other composers and trends in music until the later part of his long life, he was, as he put it, forced to become original. At the time of his death, he was one of the most celebrated composers in Eur
24189255811081,Alim,About Joseph Haydn, eir remote estate. Isolated from other composers and trends in music until the
24189255811081,Alim,About Joseph Haydn, dn, known as Joseph Haydn, was an Austrian composer, one of the most prolific and prominent comp
24189255811330,Mikhail,About Joseph Haydn, tal in the development of the piano trio and in the evolution of sonata form. A lifelong resident
24189255811330,Mikhail,About Joseph Haydn, er of the String Quartet because of his important contributions to these forms. He was also instrumental in the development of the piano
24189255811330,Mikhail,About Pyotr Ilyich Tchaikovsky, . There was scant opportunity for a musical career in Russia at that time, and no system of public music education. When an opportunity for such an education a
24189255811330,Mikhail,About Pyotr Ilyich Tchaikovsky,  with the native musical practices to which he had been exposed from chi
24189255811330,Mikhail,About Pyotr Ilyich Tchaikovsky, r claim, some Europeans lauded Tchaikovsky for offering music mor
24189255811663,Chris,About Mohammad Khatami, f Dialogue Among Civilizations. The United Nations proclaimed the year 2001 as the Un
24189255811759,Deepak,About Hamid Karzai, is the 12th and current President of Afghanistan, taking office on 7 December 20
24189255811891,Gisela,About BoA, of Angel, is a Korean singer, active in South Korea, Japan, and the United States an
24189255811891,Gisela,About BoA, countries since the end of World War II. On October 14, 2008, BoA debuted in the United States with the single Eat You Up and released her debut English-language album, BoA on March 17, 2009. BoA's mult
24189255813846,V.,About Francis I of the Two Sicilies, ncesco Gennaro Giuseppe; 14 August 1777 – 8 NovAbout Roc
24189255813846,V.,About BoA, the only foreign artist to have two albums selling more than one million copies in Japan and is one
24189255813846,V.,About John F. Kennedy, merica. It is also the leading freight gateway to the country by value of sh
24189255813846,V.,About BoA, debuted in the United States with the single Eat You Up and released her debut English-language
24189255813846,V.,About Francis I of the Two Sicilies, wo Sicilies (Italian: Francesco Gennaro Giuseppe; 14 August 1About Anne, Queen of G
24189255814034,Bing,About Joseph Haydn, n, was an Austrian composer, one of the most prolific and prominent
24189255814034,Bing,About Pyotr Ilyich Tchaikovsky, any popular successes, Tchaikovsky's life was punctuated by personal crises and depression.
24189255814034,Bing,About Pyotr Ilyich Tchaikovsky, n elements. In apparent reinforcement of the latter claim, some Europeans
24189255814034,Bing,About Joseph Haydn, ser, one of the most prolific and prominent composers of the Classical period. He is often
24189255814034,Bing,About Joseph Haydn, and prominent composers of the Classical period. He is often called the
24189255814034,Bing,About Pyotr Ilyich Tchaikovsky, Despite his many popular successes, Tchaikovsky's life was punctuated by person
24189255815274,Mario,About Joseph Haydn, rs of the Classical period. He is often called the Father of the Symphony a
24189255815274,Mario,About Joseph Haydn,  original. At the time of his death, he was one of the most celebrated composers in Europe. Jos
24189255815274,Mario,About Joseph Haydn, artet because of his important contributions to these forms. He was also instrumental in the develo
24189255815615,Dan,About Henry I of England,  realm, in part through his dynastic (and personal) choice of a Scottish princess who represented the lineage of Edmund Ironside for queen. His succession was hurriedly confirmed while his brother Robert was
24189255815879,Crown Prince,About Hamid Karzai, 02 loya jirga (grand assembly) that was held in Kabul, Afghanistan. After the 2004 presidential elec
24189255816129,Jean-Pierre,About Mr. Brightside, evealed that it was the most listened to track since the launch of the online music service,
24189255817708,Carlos,About Terry Pratchett, l work in the fantasy genre. He is best known for his popular
24189255817708,Carlos,About Benito Mussolini,  and created the Fasci di Combattimento in 1919, catalyzing his nationalist and socialist
24189255817708,Carlos,About Terry Pratchett, and was knighted for services to literature in 2009. In addition, he w
24189255817708,Carlos,About Thaksin Shinawatra,  Thaksin government faced allegations of corruption, authoritarianism, treason, co
24189255820563,Shweta,About Manuel Noriega, ary 11, 1934) is a About Woodrow Wilson, lict. In 1919, he wAbout Kurt V
24189255820563,Shweta,About Hamid Karzai, t President of Afghanistan, taking office on 7 December 2004. He became a dominant political figure after the removal of the Taliban regime in late 2001. During the December 2001 International Conference o
24189255820901,Rajiv,About Will Ferrell, day Night Live, and has subsequently starred in the comedy films Old S
24189255821523,Rafael,About BoA, rean album. Two years later, she released her debut Japanese album, Listen to My Heart, becoming the first
24189255821523,Rafael,About BoA, all of barriers that had restricted the import and export of entertainment between the countries since the end of World War II. On October 14, 2008, BoA
26388279066866,R.,About BoA, he accompanied her older brother to a talent search. In 2000, after two years
26388279066866,R.,About Francis I of the Two Sicilies, of the Two Sicilies (ItAbout Frank Lloyd Wright, pe.
26388279066866,R.,Francis I of the Two Sicilies (Italian: Francesco Gennaro Giuseppe; 14 August 1777 – 8 November 1830) was King of the
26388279066866,R.,About BoA, age album, BoA on March 17, 2009. BoA's multilingual skills (she speaks Japanese and English along with nati
26388279067181,Rahul,About Francis I of the Two Sicilies, of the Two Sicilies (ItaAbout Aaron Copland, andscape a
26388279067181,Rahul,About John F. Kennedy, 's JFK International, LaGuardia, and Newark International airports comb
26388279067181,Rahul,About BoA, one of only three artists to have six consecutive number-one studio albums on the Oricon
26388279067181,Rahul,About Francis I of the Two Sicilies, s from 1825 tAbout Muhammad Ali, ts support ofAbo
26388279067181,Rahul,About Vinicius de Moraes,  was also a compoAbout Stephen Harper, of the Canadian AAbout Richard S
26388279067181,Rahul,About BoA, nd is one of only three artists to have six consecutive number-one studio albums on the Oricon charts since her debut, the o
26388279067819,Luis,About Henry I of England, nd put his learning to effective use— and Lion of Justice
26388279067953,Ammar,About Justin Timberlake, his second solo album, FutureSex/LoveSounds (2006), debuting at number one on the Billboard 200 chart, and produced the US number-one hit sin
26388279068217,Nicolas,About Van Morrison, ed guidance of Bert Berns with the release of the hit single Brown
26388279068695,Vladimir,About Henry I of England,  he brought about in the royal administration, which he rendere
26388279070147,George,About Enrique Iglesias, e parted with InterscoAbout Have You Ever Really Loved a Wom
26388279070147,George,About Henry I of England, berties, which linked his rule of law to the Anglo-Saxon tradition, forming a basis for subsequent limitations to the rights of English kings and presaged Magna Carta, which subjected the ki
26388279072317,A.,About Hamid Karzai, ve a six month term as Chairman of the Interim Administration. He was then chosen for a two year ter
26388279072626,Michael,About Mohammad Khatami, s one of the world's most significant recognitions for research in the Humanities, honoring exc
26388279073393,Rajiv,About Saint Andrew, ated as SA or SAS (or SAJS for the junior school and SASS for the secondary scho
26388279073393,Rajiv,About Saint Andrew, y school), and the junior college as SAJC. Its pupils and alumni ('Old Boys' and
26388279073393,Rajiv,About Saint George,  the world, including: Georgia, England, Egypt, Bulgaria, Aragon,
26388279073393,Rajiv,About Saint George, India, Iraq, Lithuania, Palestine, Portugal, Serbia, Ukraine and Russia, as well
26388279073808,Emperor of Brazil,About Hot Space,  Space as one of the top fifteen albums where great rock acts lost the plot. Most of the album was rec
26388279074273,Yang,About Hot Space, ger Taylor and Brian May lamented the new sound, with both being very critical of the influenc
26388279074345,Mary,About Khalid Sheikh Mohammed, o have confessed to a role in About Waiting for the End,
26388279074760,A.,About Augustine of Hippo, nity and baptism in AD 387, Augustine developed his own approach to philosophy and theology, a
26388279074760,A.,About Cardinal Richelieu, to be the world's first Prime Minister, in the modern sense of the term. He sought to consolidate royal power and crush domestic factions. By restraining the power
26388279074760,A.,About Belisarius,  history and military history sub-genres of science fiction, written by American authors David Drake and Eric Flint. Its protAbout Finland, d, is a Nordic country situated in the Fennoscandian region of Northern Europe. It is bord
26388279074760,A.,About Cardinal Richelieu,  culture in North America. He is also a leading character in T
26388279075645,Jose,About Terry Pratchett, 09. In addition, he was knighted in the 2009 New Year Honours. In 2001 he won the Carnegie Medal
26388279075645,Jose,About Terry Pratchett, 70 million books worldwide in thirty-seven languages. He is currently
28587302322180,Bryn,About Marcus Aurelius, eat of the Germanic tribes began to represent a troubling reality for the Empire. A revolt in the East led by Avidius Cassius failed to gain momentum and was suppressed im
28587302322334,Javed,About Van Morrison, ed as transcendental and inspired; while some of his recordings, such as the studi
28587302322705,Gregorio,About Keith Richards, est guitarist of all time. Fourteen songs written by Richards and songwriting partner Mi
28587302322705,Gregorio,About Keith Richards, t, are listed among Rolling Stone magazine's 500 Greatest Songs of All Time. Richards' notorie
28587302323380,Alexander,About Van Morrison, orge Ivan Morrison; 31 August 1945) is a Northern Irish singer-songwriter a
28587302323666,John,About Mohammad Khatami, ing his two terms as president, Khatami advocated freedom of expression, toler
28587302326226,Mohamed,About Maggie May, tory achieved the same status at the same time, a feat achieved by only a handful of perfo
28587302326380,Sam,About Marcus Aurelius, in: Marcus Aurelius Antoninus Augustus; 26 April 121 – 17 March 180 AD), was Roman Emperor from
28587302326556,Babar,About Mohammad Khatami, rto little known, Khatami attracted global attention during his first election to the pr
28587302326788,Carlos,About Van Morrison, rded the garage band classic Gloria. His solo career began under the pop-hit oriented guidance of
28587302327512,Alexander,About Rick Springfield, . As an actor, he portrAbout Frédéric Chopin,  major innovations to tAbout Peter Sellers,
28587302329333,Kiran,About Saint George, yr. In hagiography Saint George is one of the most venerated saints in the
28587302329333,Kiran,About Saint George, April, and he is regarded as one of the most prominent military
28587302329333,Kiran,About Augustine of Hippo, gian from Roman Africa. His writings were very influential in the d
28587302329333,Kiran,About Saint Andrew, tted male pupils, but female pupils were admitted to the pre-universit
28587302329333,Kiran,About Saint Andrew, 'A' level classes when they were run from the senior school previously. St And
28587302329901,Shweta,About Augustine of Hippo, ustine developed his own approach to philosophy and theology, acc
28587302330216,Amit,Francis I of the Two Sicilies (Italian: Francesco Gennaro Giuseppe; 14 August 1777 – 8 November 1830) was King of the Two Sicilies from 1825 to 1830.About Ronald Reagan, th countries' nuclear arsenals. Reagan left office in 1989.
28587302330216,Amit,About BoA,  by her stage name BoA, which is a backronym for Beat of Angel, is a Korean singer, active
28587302330216,Amit,About BoA, active in South Korea, Japan, and the United States and sometimes referred to as the Queen of Korean Pop Music. BoA is a
28587302330216,Amit,About Francis I of the Two Sicilies, rancesco GennaAbout William Wordsworth, sworth's magnuAbout John Wayne
28587302330512,Stephen,About Mr. Brightside, ased rock band The Killers. The song is featured on the group's debut album
28587302330660,Nicolae,About Rick Springfield, t Spoiled Me Yet (19About Martina Navratilova, nd Maureen Connolly About
28587302331603,Yitzhak,About Henry I of England, o the rights of English kings and presaged Magna Carta, which subjected the king to law
28587302332596,A.,About Hamid Karzai, sidential election, Karzai was declared winner and became President of the Isla
28587302332596,A.,About Manuel Noriega, om power, captured, detained as a prisoneAbout Roger Ebert,  television programs Sneak Previews, At
28587302332706,John,About Augustine of Hippo, ology, accommodating a variety of methods and different perspectives. He believed that t
30786325577987,Muhammad,About Van Morrison, son as a major artist, and throughout the 1970s he built on his reputation with
30786325578027,Otto,About Terry Pratchett, oks a year on average. His latest Discworld book, Snuff is the third-fastest-selling novel since records began in the United Kingdom selling 55,000 copies in the first three days. Pratchett
30786325578027,Otto,About Thaksin Shinawatra, had the highest voter turnout in Thai history. The Thaksin government fac
30786325578027,Otto,About Terry Pratchett, selling author of the 1990s, and has sold over 70 million books worl
30786325578027,Otto,About Benito Mussolini, f job opportunities, the public transport, and the so-called Italian e
30786325578027,Otto,About Rick Springfield, Love SomebodyAbout Robert Plant, eer. In 2007,About Arthur C. Clar
30786325578027,Otto,About Henry V of England, y V's sudden death in France of dysentery, he was succeeded by his infant son
30786325578027,Otto,About Keith Richards, d Richards has created rock's greatest single body of riffs, and has named him the 4t
30786325579149,Peng,About Paul the Apostle, diterranean Basin. His leadership, influence and legacy led to the formation of communities domin
30786325579477,A.,About Manuel Noriega, oriega to be extradited to serve 20 years in Panama. He arriAbout Gerald Ford, nal district, eigh
30786325579477,A.,About Hamid Karzai, n. He was then chosen for a two year term as Interim President d
30786325579605,Jorge,About Van Morrison, ting with other artists, such as Georgie Fame and The Chieftains. In 2008 he performed Astral Weeks
30786325580420,Alex Obanda,About Mohammad Khatami, he conditions and content of a global intercultural dialogue on
30786325581465,Sanjay,About Hamid Karzai, he 2002 loya jirga (grand assembly) that was held in Kabul, Afghanist
30786325582458,R.,About Judy Garland, out her life. Insecure about her appearance, her feelings were compounded by film exec
30786325584205,Aitzaz,About BoA, A debuted in the United States with the single Eat You Up and released her debu
30786325584205,Aitzaz,About BoA, s Japanese and English along with native Korean and has recorded songs in Mandar
30786325585385,K.,About Hamid Karzai, nt Afghan political figures to serve a six month term as Chairman of the Inter
30786325588198,Alejandro,About Joseph Haydn, , one of the most prolific and prominent composers of the Classical period. He is often called the
30786325588198,Alejandro,About Joseph Haydn, dent of Austria, Haydn spent much of his career as a court musician for the wealthy Ester
30786325588198,Alejandro,About Pyotr Ilyich Tchaikovsky, ated in 1865. The formal Western-oriented teaching he received there set him
30786325588198,Alejandro,About Pyotr Ilyich Tchaikovsky, red the nascent Saint Petersburg Conservatory, from where he graduated in 1865. The formal Western-oriented teaching he received there set him apart from composers of
30786325588198,Alejandro,About Pyotr Ilyich Tchaikovsky,  identity. The principles of Russian nationalist artists w
30786325588198,Alejandro,About Joseph Haydn, anz Joseph Haydn, known as Joseph Haydn, was an Austrian composer, one of the most prolific
32985348834993,Yang,About Augustine of Hippo, Western Roman Empire was starting to disintegrate, Augustine
32985348834993,Yang,About Bill Gates, and chief software architect, and remains the largest individual shareholder, with 6.
32985348835207,Bingbing,About Paul the Apostle, he course of his life. Through his missionary activity and wr
32985348835495,Deepak,About Hamid Karzai, d current President of Afghanistan, taking office on 7 December 2004. He
32985348835495,Deepak,About Hamid Karzai, te 2001. During the December 2001 International Conference on Afghanistan in Germany, Karzai wa
32985348836413,Ning,About Van Morrison, ay. He rose to prominence in the mid-1960s as the lead singer of the Northe
32985348837125,Anna,About Terry Pratchett, ntasy genre. He is best known for his popular and long-running Discworld series of comic fantasy novels. Pratchett's first novel, T
32985348837125,Anna,About Terry Pratchett, began in the United Kingdom selling 55,000 copies in the first three
32985348837125,Anna,About Benito Mussolini, red and summarily executed near Lake Como by Italian partisans. His body
32985348837325,Wilson,About Terry Pratchett, odents. In December 2007, Pratchett publicly announced that he was suffe
32985348837325,Wilson,About Thaksin Shinawatra, rogram, the 30-baht scheme, as well as a highly popular drug s
32985348837325,Wilson,About Terry Pratchett, tasy genre. He is best known for his popular and long-running Discworld series of comic fan
32985348838678,A. K.,About Hamid Karzai,  Afghanistan in Germany, Karzai was selected by prominent Afghan political figures to serve a si
32985348838790,Masahiro,About Mr. Brightside, rs and Dave Keuning. It was named Song of the Decade by UK radio stations Absolute Radio and XFM, a
32985348838790,Masahiro,About Henry I of England, heir separation on his father's death in 1087. Upon his succession he granted the barona
32985348839103,Ashok,About Will Ferrell, comedy show Saturday Night Live, and has subsequently starred in the comedy films Old School, Elf, Anch
32985348840327,Siri,About Keith Richards, cian and songwriter, and a founder member of The Rolling Stones. Rolling Stone magazine said
32985348840714,John,About Joseph Haydn, c and prominent composers of the Classical period. He is often called the F
32985348840714,John,About Joseph Haydn, . He is often called the Father of the Symphony and Father of the String Quartet because of his impor
32985348840714,John,About Cardinal Richelieu,  in The Three Musketeers by Alexandre Dumas, père and its subsequent film adaptati
32985348840714,John,About Cardinal Richelieu, foreign policy objective was to check the power of the Austro-Spanish Habsburg dynasty, and to en
32985348840714,John,About Joseph Haydn, , he was, as he put it, forced to become original. At the time of his death, he was one of th
32985348841959,Abdul Hameed,About BoA, sed ID; Peace B, her debut Korean album. Two years later, she released her debut Japanese album, List
32985348841959,Abdul Hameed,About BoA, older brother to a talent search. In 2000, after two years of training, she released ID; Peace B, her debut Korean
32985348842400,Blaz,About Maggie May, e Beatles and Simon & Garfunkel. The song also topped the charts in Australia for four weeks at the sam
35184372089261,Eugenia,About Keith Richards, h musician and songwriter, and a founder member of The Rolling Stones. Rolling Stone
35184372089365,Pablo,About Pyotr Ilyich Tchaikovsky, composer whose music made a lasting impression internationally
35184372089365,Pablo,About Joseph Haydn, the time of his death, he was one of the most celebrated composers
35184372089365,Pablo,About Pyotr Ilyich Tchaikovsky, Tchaikovsky was educated for a career as a civil ser
35184372089365,Pablo,About Joseph Haydn, n for the wealthy Esterházy family on their remote estate. Isolated from
35184372089365,Pablo,About Pyotr Ilyich Tchaikovsky, espite his many popular successes, Tchaikovsky's life was punctuated by personal crise
35184372089365,Pablo,About Joseph Haydn,  the Classical period. He is often called the Father of the Symp
35184372089418,Salim Ahmed,About Brian Mulroney, 83 to 1993. His tenure as Prime Minister was marked by the introduction of major economic refor
35184372089418,Salim Ahmed,About Whoopi Goldberg, y (for production, not acting), and an Oscar. In addition, Goldber
35184372089418,Salim Ahmed,About Brian Mulroney, da from 1983 to 1993. His tenure as Prime Minister was marked by t
35184372089689,Ayesha,About Brian Mulroney, arty of Canada from 1983 to 1993. His tenure as Prime Minister
35184372089689,Ayesha,About Brian Mulroney, eader of the Progressive Conservative Party of Canada from 1983 to 1993. His tenur
35184372091084,Alejandro,About Marcus Aurelius, led to gain momentum and was suppressed immediately. Marcus Aurelius' Stoic tome Meditations, wr
35184372091084,Alejandro,About Terry Pratchett, en languages. He is currently the second most-read writer in the UK, and seventh most-re
35184372091084,Alejandro,About Terry Pratchett, elling 55,000 copies in the first three days. Pratchett was the UK's best-selling author of the 1990s, and has sold ov
35184372091739,Deepak,About Whoopi Goldberg, d, four People's Choice Awards, and has been honored with a star on the Hollywood Walk of Fame. Al
35184372092128,Martin,About Mr. Brightside, based rock band The Killers. The song is featured on the group's debut album Hot Fuss and was written by Brandon Flowers and Dave Keuning. It was named Song of the Decade by UK radio stations Absolute Radio an
35184372094310,Jerzy,About Henry I of England, d his eldest brother, Robert Curthose, to become Duke of Normandy in 1106. A la
35184372094637,Ashok,About Bill Gates, ains the largest individual shareholder, with 6.4 percent of the common stock. He has also author
35184372094784,Kunal,About John F. Kennedy, ling more international traffic than any other airport in North America. It is also the leading freight gateway to the country by value of shipmen
35184372094784,Kunal,About BoA, 009. BoA's multilingual skills (she speaks Japanese and English along with native Korean and has recor
35184372094784,Kunal,About John F. Kennedy,  F. Kennedy International Airport is an international airport located in the boroug
35184372094784,Kunal,About John F. Kennedy,  It is the base of operations for JetBlue Airways and is a major international gateway hub for
35184372094784,Kunal,About BoA, ith the single Eat You Up and released her debut English-language album, BoA on March 17,
35184372096104,Jorge,About Pyotr Ilyich Tchaikovsky,  intelligentsia of the country's national identity. The principles of R
35184372096104,Jorge,About Pyotr Ilyich Tchaikovsky, ty for a musical career in Russia at that time, and no system of pub
35184372096104,Jorge,About Pyotr Ilyich Tchaikovsky, tern principles stringently. Vestiges of this last claim
35184372096104,Jorge,About Joseph Haydn, s and trends in music until the later part of his long life, he was, as he put it, forced to becom
35184372096104,Jorge,About Joseph Haydn, e wealthy Esterházy family on their remote estate. Isolated from other composers and trends in mu
35184372096104,Jorge,About Joseph Haydn,  Austria, Haydn spent much of his career as a court musician for the wealthy Esterházy famil
35184372097478,Angela,About Joseph Haydn, called the Father of the Symphony and Father of the String Quartet because of his important contributio
35184372097478,Angela,About Joseph Haydn,  an Austrian composer, one of the most prolific and prominent composers of
35184372097478,Angela,About Pyotr Ilyich Tchaikovsky, opportunity for such an education arose, he entered the na
35184372097478,Angela,About Pyotr Ilyich Tchaikovsky, ally mixed. Some Russians did not feel it sufficiently representative of native musical
35184372097478,Angela,About Pyotr Ilyich Tchaikovsky, dented Tchaikovsky's self-confidence. Despite his many
35184372097478,Angela,About Joseph Haydn, f the String Quartet because of his important contributions to th
35184372098117,Abhishek,About Mao Zedong, ixiu (1907–1910) Yang Kaihui (1920–1930) He Zizhen (1930–1937) Jiang Qing (1939–1976) Religion None
35184372098666,Alfina,About Van Morrison, reatest ever made. Known as Van the Man to his fans, Morrison started his professional career when, as a teenager in the late 1950s, he played a variety of instruments including
35184372098712,Jose,About Hot Space, ther One Bites the Dust (and to a lesser extent, the UK success of the song too).
37383395346294,Stephen,About Mohammad Khatami, d run in the 2009 presidential election. On March 16, he anno
37383395346298,Deepak,About Cardinal Richelieu, n 1629. This in part allowed the colony to eventually develop into the
37383395346298,Deepak,About Cardinal Richelieu,  rouge (the Red Eminence), from the red shade of a cardinal's clerical dre
37383395346869,Francisco,About BoA, mes referred to as the Queen of Korean Pop Music. BoA is a Roman Catholic, she was born and raised in
37383395346869,Francisco,About BoA,  since the end of World War II. On October 14, 2008, BoA debuted in the United States with th
37383395346899,Arjun,About Humayun, nuscript in India. Subsequently, in a very short time, Humayun was able to exp
37383395347466,Mathieu,About Mr. Brightside, . fm revealed that it was the most listened to track since the launch of the online music service, with over 7.66 million plays scrobbled. In October 2010, it was voted at 9 in the Gre
37383395347700,Albade,About John F. Kennedy, value of shipments. In 2011, the airport handled 47,809,910 passen
37383395347700,Albade,About John F. Kennedy, , roadways and inter-terminal transportation. The airport was originally
37383395347700,Albade,About John F. Kennedy, ive improvements to terminals, roadways and inter-terminal tr
37383395347792,Rahul,About Keith Richards, ed among Rolling Stone magazine's 500 Greatest Songs of All Time. Richard
37383395347864,Nim,About Augustine of Hippo, f the Church, and the patron of the Augustinian religious order
37383395347899,A.,About Joe Biden,  Senate six times, was the fourth most senior senator at the time of his resignati
37383395348427,Deepak,About BoA, panied her older brother to a talent search. In 2000, after two years of training, she released ID; Peace B, h
37383395348427,Deepak,About BoA, oA on March 17, 2009. BoA's multilingual skills (she speaks Japanese and English along with native
37383395348785,Akihiko,About Will Ferrell, Pro, and The Other Guys. He is considered a member of the Frat Pack, a
37383395349368,Jean-Pierre,About Van Morrison, reputation with a series of critically acclaimed albums and live performances. Morrison continues to record and tour, producing albums and live performances that sell well and are ge
37383395350130,Boon Heng,About Hamid Karzai, sident of the Islamic Republic of Afghanistan. He won a second five-yea
37383395351006,Mike,About Mohammad Khatami, n the 2009 presidential election. On March 16, he announced he was wit
37383395351425,James,About Mohammad Khatami, of Dialogue Among Civilizations, on Khatami's suggestion. On February 8, 2009, Khatam
37383395352011,Muhammad,About Humayun, lso there are many stone carved and Persian language In India from the time of Humay
37383395352011,Muhammad,About Marcus Aurelius,  A revolt in the East led by Avidius Cassius failed to gain momentum and was suppressed immediately. Marcus Aurelius' Stoic tome Meditations, written in Greek w
37383395352030,Zaenal,About Van Morrison, d saxophone for various Irish showbands covering the popular hits of the day. He rose to prominence in the mid-1960s as the lead singer of the Northern Irish R&B band Them, with whom he re
37383395352030,Zaenal,About Hamid Karzai, Kabul, Afghanistan. After the 2004 presidential election, Karzai was declared winner and became President of the Islamic Republic of Afghanistan. He won a second five-year-ter
37383395352373,Adrian,About BoA, ronym for Beat of Angel, is a Korean singer, active in South Korea, Japan, and the United States and sometimes referred to as the Queen of Korean Pop Music. BoA is a Roman Catholic, she was born and raised in Gyeonggi-do, South Korea, B
37383395352373,Adrian,About BoA, skills (she speaks Japanese and English along with native Korean and has recorded
37383395352826,Salma,About Henry I of England, e rest of Henry's reign, a period of peace and prosperity in England and Normand
