LocationCityId|firstName|lastName|name
1166|Hassan|Kamkar|Tehran
1284|Zygmunt|Zalewski|Kraków
1282|Wojciech|Ciesla|Katowice
969|Jean|Abderrahmane|Oran
1356|Tissa|Fernando|Nugegoda
177|Deepak|Khan|Kota
1292|Artur|Ferreira|Coimbra
975|Alejandro|Alvarez|San_Martín
161|Deepak|Khan|Amritsar
1050|Eduardo|Pinto|Valdivia
502|Bingbing|Zheng|Kowloon
117|Abhishek|Nair|Jiaganj_Azimganj
720|Laura|Mendez|Guadalajara
1411|Zeki|Tekin|Izmir
708|Takashi|Mori|Yokohama
445|Jun|Zheng|Chizhou
1173|Antonio|Colombo|Rome
883|George|Davis|Indianapolis
652|Abdul Haris|Audina|Semarang
1223|Dan|Barbu|Chişinău
866|Alexander|Popov|Belgorod
521|Carlos Roberto|Flores|Tegucigalpa
1056|Francisco|Parra|Viña_del_Mar
919|Cam|Ho|Đồng_Hới
510|Rafael|Magomaev|Baku
346|Jie|Zhang|Duyun
1203|Philibert|Muni|Fianarantosa
118|Shweta|Sharma|Andhra_Pradesh
804|Juan|Gonzales|Laoag
348|Wei|Xu|Xinxiang
1364|Nils|Johansson|Malmö
223|V.|Khan|Rajasthan
264|Sanjay|Bose|Goa
1278|Witold|Kaczmarek|Szczecin
1195|Alex Obanda|Ngoche|Nairobi
1073|Guillermo|Rodriguez|Jagüey_Grande
259|John|Singh|Krishnanagar
1219|Alexei|Barbu|Orhei
516|Svend|Hansen|Copenhagen
787|Faisal|Khan|Wah_Cantonment
541|Sonny|Eri|Port_Moresby
278|Meera|Bose|Tirupati
436|Wei|Zhang|Anda
1267|Abimael|Allende|Trujillo
1086|Otto|Redl|Hradec_Králové
491|Baby|Liu|Anyang
1125|Angel|Mamo|Addis_Ababa
305|Rahul|Roy|Jamshedpur
274|Nikhil|Singh|Thrissur
231|Rajiv|Singh|Thanjavur
746|Adolfo|Gonzalez|Cancún
1432|Carolina|Castillo|Bolívar
785|Ayesha|Iqbal|Jamshoro
1256|Ab|Dijk|Rotterdam
943|Huu|Do|Gia_lam
1058|Patricio|Parra|Osorno
1306|Nicolae|David|Cluj-Napoca
939|Janet|Ha|Sóc_Trăng
611|Horst|Bauer|Koblenz
844|Eugenia|Popov|Saint_Petersburg
1239|Jharana Bajracharya Rashid|Bombo|Balkumari
1097|Eugene Moke|Omonga|Kananga
1022|Richard|Roberts|Edmonton
1040|Axelle|Bona|Mokolo
1383|Jetsada|Aguilar|Bangkok
1041|Samuel|Diboma|Baffoussam
742|Carlos|Rodriguez|Santa_Catarina
1295|Vitor|Martins|Mesa
529|Zydrunas|Lukosius|Vilnius
679|Hideyuki|Yamamoto|Nara
1274|Carlos|Sumac|Callao
1285|Marek|Kowalski|Poznań
401|Chen|Yan|Chaozhou
976|Carlos|Diaz|Corrientes
1341|Choi|Kim|Yongin
1095|Jean van de|Omonga|Goma
944|Bich Phuong|Bach|Rạch_Giá
499|Chen|Zhang|Bengbu
684|Takeshi|Sato|Gifu
949|Dieu Hoa|Nguyen|Đà_Lạt
1422|Helen|Thomas|Coventry
991|Aliaksandr|Boginskaya|Baranovichi
486|Yang|Zhao|Anqing
291|Deepak|Roy|Kashipur
1397|Fakhreddine|Baya|Monastir
1242|Shakti|Bombo|Dharan
780|Ayesha|Malik|Major_Cities
1368|Hans|Berg|Jönköping
632|Wolfgang|Frank|Lübeck
1326|Bruce|Coetzee|Bloemfontein
1451|Carey|Mwanawasa|Kitwe
471|Lei|Wu|Changchun
765|Mirza Kalich|Khan|Mirpur
753|Abdul Hameed|Khan|Sukkur
465|Chen|Wang|Fengzhen
603|Werner|Hahn|Speyer
1321|Abdala|Faye|Diourbel
337|Wei|Zhang|Altay
1210|Amy|Azami|George_Town
614|Rudolf|Richter|Freiburg_im_Breisgau
1345|Rafael|Fernández|Barcelona
725|Manuel|Alvarez|Saltillo
1269|David|Castillo|Chorrillos_District
254|Karan|Rao|Salem
1438|Hayyim|Gillett|Hadhramaut
121|Arun|Sharma|Bhopal
925|Chau|Ho|Biên_Hòa
131|Sanjay|Khan|Srinagar
834|Alexander|Popov|Vladivostok
798|Juan|Diaz|Mandaluyong
688|Ken|Ito|Hirosaki
261|R.|Kumar|Mumbai
284|John|Sen|Rupnagar
218|Arjun|Rao|Suri
191|A.|Rao|Kadapa
1062|Carlos|Rodriguez|Pamplona
842|Igor|Ivanov|Kursk
229|John|Rao|Solapur
643|Abdul Haris|Anwar|Yogyakarta
951|Farida|Zaland|Puli_Khumri
1185|Alexandr|Akhmadiyeva|Shymkent
1385|Kittipol|Wattansin|Pathum_Thani
1424|Edward|Evans|North_Wales
1047|Alphonse|Ambane|Yaoundé
176|Karan|Rao|Bangalore
364|Lin|Chen|Mbabane
882|Jim|Smith|Columbus
1405|Adem|Arikan|Ankara
416|Zheng|Hu|Gaizhou
776|Abida|Ahmed|Multan
294|Aditya|Sharma|Bilaspur
1075|Luis|Rodriguez|Matanzas
377|Lin|Wang|Changle
205|Arun|Singh|Vadodara
527|Charles|Collins|Monrovia
1348|Vicente|Alonso|Santander
548|Igor|Predna|Bratislava
1124|Ismail Omar|Melaku|Bahir_Dar
1144|Christos|Papakonstantinou|Crete
1134|Paul|Clerc|Évry
298|Deepak|Singh|Indore
928|Billinjer C|Ho|Sơn_La
370|Wei|Zhao|Erenhot
791|Muhammad|Khan|Rahim_Yar_Khan
781|Mirza Kalich|Iqbal|Bahria_Town
878|Tom|Brown|Gainesville
351|Yang|Zhang|Shenyang
1205|Nirina|Tsiranana|Toliara
1419|Anna|Shevchenko|Luhansk
808|Eddie|Garcia|Bacolod
585|Marcelo|Silva|Uberlândia
732|Francisco Javier|Garcia|Puebla
424|Zheng|Zhang|Gaoyao
1388|Narong|Amornkiat|Klong_Luang
1325|Margaret|du Preez|Durban
629|Otto|Muller|Heilbronn
1222|Nikolay Dimitrievich|Codreanu|Tiraspol
1070|Mario|Cruz|Havana
981|David|Jones|Sydney
668|Benny|Anwar|Badung_Regency
672|Aa Ngurah|Irama|South_Tangerang
478|Li|Li|Qingdao
456|Jun|Li|Fuyu
389|Zhong|Zhu|Taiyuan
417|Clara|Zhang|Dongguan
947|Bich Phuong|Phan|Ho_Chi_Minh_City
739|Roberto|Bravo|Altamira
217|Ashok|Kumar|Vallabh_Vidhyanagar
733|Alejandro|Alvarez|Toluca
994|Olga|Linchuk|Gomel
113|Arjun|Singh|Mysore
390|Yang|Yang|Foshan
447|Cheng|Chen|Haidian_District
709|Takashi|Yamada|Atsugi
275|Abhishek|Khan|Bandra
477|Hao|Li|Chifeng
201|V.|Kapoor|Serampore
1420|Anna|Foxx|Chernivtsi
534|Erik|Hoffmann|Windhoek
149|John|Irani|Ujjain
1243|Ganesh|Bombo|Gwarko
366|Cheng|Zhang|Anshun
906|Robert|Brown|Minneapolis
1445|Martine Morrocky|Tembo|Livingstone
980|David|Brown|Geelong
1037|Norodom|Chau|Phnom_Penh
952|Fereshta|Omar|Lashkar_Gah
1314|Gabriel|Antonescu|Timișoara
613|Franz|Richter|Othmarschen
726|Jose|Abascal|San_Pedro_Garza_García
1336|Seung-Hoon|Kang|Gwangju
897|Thomas Christian|Williams|Cincinnati
568|Jose|Costa|Feira_de_Santana
1423|Andrew|Fox|Liverpool
1139|Giorgos|Angello|Kozani
1236|Yitzhak|Peretz|Tangier-Tetouan
189|Shweta|Singh|Bihar
712|Takeshi|Suzuki|Tokushima
756|John|Ahmed|Jhang
466|Jie|Li|Chuxiong
830|Vicente|Garcia|Malolos
368|Wei|Liu|Dujiangyan
948|Ching|Hoang|Bà_Rịa
1214|Dayang|Wong|Kuala_Lumpur
423|Ge|Zhang|Yantai
222|Rahul|Kumar|Allahabad
523|David|Aloni|Jerusalem
682|Jun|Kobayashi|Ichikawa
713|Takashi|Yamada|Chikusa-ku
1369|Johan|Svensson|Stockholm
173|Shweta|Chopra|Kurukshetra
546|Thomas|Brown|Glasgow
493|Bing|Zhang|Enshi
1251|Adriaan|Dijk|Maastricht
1408|Ahmet|Ayhan|Eskişehir
639|Alexander G.|Budjana|Bandar_Lampung
406|Zhong|Wang|Fuxin
638|Ahmad Rafiq|Thielsch|Depok
1191|Ali|Obuya|Kitengela
1230|Shlomo|Levy|Rabat
208|Deepak|Sharma|Bareilly
1418|Andriy|Eduard|Donetsk
593|Vitor|Santos|Pelotas
1157|George|Nagy|Piliscsaba
324|Changpeng|Chen|Bole
1362|P.|Fernando|Batalanda
1208|Victor|Lee|Kuching
363|Hao|Zhang|Guilin
581|Paulo|Santos|Criciúma
960|Kamel|Allouache|Algiers
318|Lei|Zhang|Huanggang
178|Prakash|Kumar|Lucknow
567|Wilson|Alves|Diamantina
744|Sergio|Gonzalez|Campeche
892|Robert|Anderson|Atlanta
1120|Ydnekatchew|Verghese|Debre_Marqos
196|Aditya|Kumar|Nashik
924|Anh|Hoang|Long_Xuyen
279|A.|Reddy|Midnapore
1429|Jose|Rodriguez|Anzoátegui
938|Dặng Dinh|Nguyen|Tân_An
660|Muhammad|Thielsch|Bandung
942|Huong|Doan|Tam_Kỳ
1074|Celia|Rodriguez|Cienfuegos
1067|Camilo|Gonzalez|Barranquilla
618|Otto|Muller|Reutlingen
522|Stephen|Lam|Ma_Liu_Shui
1342|Am|Choi|Incheon
1232|Rafik|Edri|Ifrane
140|Amit|Kapoor|Bikaner
1209|Angelica|Wong|Nilai
655|Bibit|Budjana|Medan
678|Hiroshi|Mori|Shibuya
724|Jose|Gonzalez|Tlalpan
334|Bingbing|Li|Dingxi
501|Li|Yang|Chengde
580|Rafael|Nascimento|Lavras
1079|Mario|Alonso|Camagüey
940|Batong|Ha|Cần_Thơ
126|Naresh|Kumar|Jammu
860|Lev|Basov|Ulan-Ude
482|Jun|Zhu|Gongyi
462|Jun|Zhang|Fuzhou,
710|Hiroshi|Yamada|Kobe
362|Lei|Zhu|Bazhong
1440|Abdul-Malik|Alhouthi|Sayyan
517|Carlos Morales|Martinez|Santo_Domingo
959|Shahla Zaland 0|Ahmadzai|Khost
470|Jie|Li|Ma'anshan
1279|Piotr|Dobrowolski|Wrocław
414|Anson|Zhang|Beitun
307|Abhishek|Singh|Aligarh
289|Amit|Sharma|Barrackpore
350|Baby|Chen|Da'an
876|James|Davis|Lubbock
1298|Bangguo|Hu|Yongkang_District
1305|Andrei|Ilie|Bucharest
741|Alejandro|Gonzalez|Tijuana
754|Muhammad|Ali|Khuzdar
533|Peljidiin|Anandyn|Ulan_Bator
1008|Tom|Mertens|Ghent
749|Francisco|Bravo|Hermosillo
594|Felipe|Antunes|Contagem
570|Carlos|Costa|Barbacena
790|Imran|Khan|Nilore
195|Shweta|Singh|Tiruvallur_district
1110|Richard|Robinson|Southampton
1212|Mohamed|Hassan|Selangor
180|John|Kumar|Cuttack
1245|Amisha|Koirala|Kathmandu
1297|Aska|Cheng|Taichung
1417|Jack|Khmelnytsky|Lviv
539|Said Suwailim|Al-Mukhaini|Muscat
553|Luis Alberto|Nunez|Montevideo
313|Zhong|Zhang|Dandong
1052|Roberto|Enriquez|Antofagasta
1045|Alphonse|Bona|Buea
852|Aleksandr|Efimkin|Monino
1252|Ad|Jong|Eindhoven
1188|Arap|Ngoche|Machakos
1068|Wilson|Arango|Tunja
449|Bing|Yang|Xiangtan
438|Chen|Huang|Changge
306|John|Bose|Bhagalpur
884|David|Brown|Columbia
1379|John|Baldini|Unguja
129|K.|Nair|Gobichettipalayam
1088|Ernst|Kerndlova|Moravia
1151|Janos|Kiss|Esztergom
768|Muhammad|Khan|Kharian
209|Rahul|Rao|Tamil_Nadu
576|Jose|Souza|Lorena
431|Ning|Wei|Bozhou
1131|Georges|Breton|Montpellier
1034|Dith|Chau|Pray_Veng
444|Ge|Zhu|Dongfang
1316|Abdoulaye Khouma|Gadiaga|Saint-Louis
1197|Philibert|Ravalomanana|Ambovombe
448|Jie|Li|Cixi
795|Isabel|Gonzales|Kalibo
738|Manuel|Bravo|Ixtlán_de_Juárez
651|Zaenal|Mohede|Padang
857|Ivan|Basov|Pereslavl-Zalessky
1360|Duleep|Bandara|Ratmalana_Airport
524|Zaid|Al-Khas|Amman
771|Ahsan|Hussain|Topi
831|Francis|Fernandez|Naga
432|Peng|Zhu|Danjiangkou
851|Anastasia|Ivanov|Tomsk
891|John|Smith|Berkeley
740|Manuel|Gonzalez|Mérida
1013|Ashin|Michie|Mayangone
1117|Peter|Cooper|Sheffield
1127|Esti Mamo|Mamo|Adama
483|Chen|Zhou|Dengfeng
1192|Adam|Obuya|Nakuru
243|K.|Singh|Patiala
1366|Ulf|Olsson|Umeå
1327|Justine|Fenter|Saldanha
215|R.|Singh|Jaipur
1258|Ali|Lambo|Arlit
188|K.|Bose|Habra
862|Eugenia|Popov|Skolkovo
1080|Bohuslav|Hlavacova|Ostrava
755|Ayesha|Iqbal|Larkana_District
343|Lei|Zhu|Xinzheng
1338|Eun-Hye|Yoon|Pohang
1194|Alex Obanda|Obuya|Thika
1174|Luigi|Alberti|Pavia
609|Otto|Muller|Munich
1319|Ladji|Mendy|Touba
779|Tariq|Baloch|Islamabad/Rawalpindi,Lahore
441|Hao|Zhang|Nanchong
1370|Mattias|Bergman|Lund
269|John|Singh|Brahmavar
854|Aleksandr|Russia|Ulyanovsk
323|Lei|Wu|Baiyin
782|Abdul Hameed|Malik|Peshawar
1161|Mohammad Reza|Kamkar|Mashhad
1154|Geza|Farkas|Visonta
1299|Hsin|Huang|Zhongli
321|Chen|Yang|Shenzhen
485|Wei|Liu|Changsha
376|Hao|Wang|Hefei
1023|George|Smith|Ottawa
1435|Haim|Hashai|Zinjibar
1322|Abdoulaye Khouma|Diouf|Tambacounda
461|Zhi|Xu|Cangzhou
1089|Ernst|Lederer|Olomouc
542|Federico|Calderon|Ponce
902|Robert|Jackson|Cambridge
1396|David|Baya|Gabes
671|Amrozi Bin|Mohede|West_Papua
203|Shweta|Khan|Varanasi
697|Hideki|Sato|Owariasahi
393|Wei|Wang|Dongyang
219|John|Irani|Assam
1196|Anthony|Amanaka|Nyeri
537|Martin|Martin|Belfast
1281|Michal|Kaczmarek|Łódź
463|Chen|Zhang|Fengcheng,
1234|Mordechai|Richard|Fes
1107|Mohamed|Hassan|Ramadan_City
111|Arun|Singh|Pondicherry
230|Arjun|Khan|Malappuram
408|Zhang|Lei|Chongzhou
815|Ricky|Cruz|Intramuros
864|Alexander|Ivanov|Izhevsk
497|Chen|Wang|Jinan
931|Cam|Hoang|Phan_Thiết
827|Aurora|Aquino|Santa_Rosa
1217|Alexei|Barbu|Codru
1091|Barbara Kanam|Omonga|Bandundu
1012|S. N.|Law-Yone|Lanmadaw_Township
950|Cesar|Loan|Pleiku
757|John|Khan|Nawabshah
716|Enrique|Gonzalez|Chihuahua
1177|Luigi|Bonomi|Brescia
913|Chau|Do|Quảng_Ngãi
300|Rahul|Kumar|New_Delhi
374|Zheng|Xu|Gaoping
1268|Cristofer|Alcalde|Distrito_de_Bellavista
895|James|Johnson|San_Antonio
134|Shweta|Singh|Haldia
439|Wei|Zhang|Changshu
378|Fenglou|Yang|Luoyang
1126|Ziv|Mamo|Mettu
1402|Adem|Koksal|Mersin
730|Eduardo|Rodriguez|Mexico_City
849|Mikhail|Plotnikoff|Magnitogorsk
559|Rafael|Santos|Rio_de_Janeiro
1399|Bertrand|Baya|Kairouan
212|Rahul|Nair|Erode
824|Ramon|Garcia|Sampaloc
1081|Eva|Herzigová|Liberec
1115|Jack|Taylor|Birmingham
255|Shweta|Sharma|Barasat
303|John|Chopra|Raniganj
238|Meera|Kapoor|Balasore
624|Otto|Becker|Mannheim
152|Meera|Rao|Kannur
597|Hans|Muller|Darmstadt
302|R.|Rao|Durg
875|Jack|Jones|Chicago
970|Juan Carlos|Diaz|Córdoba
806|Aaron|Santos|Ermita
175|Rahul|Menon|Faizabad
1216|Amir|Lee|Shah_Alam
1235|Yassine|Peretz|Meknes
124|Deepak|Khan|Chennai
171|Kunal|Sharma|Jodhpur
602|Rudolf|Hoffmann|Heidelberg
490|Zhang|Zhou|Fuling_District
1241|Amisha|Manandhar|Pokhara
347|Yang|Li|Dongtai
701|Koji|Nakamura|Niigata
1189|Adan Mohamed Nuur|Brar|Eldoret
1096|Lomana Trésor|Bembo-Leta|Kisangani
1014|Ashin|Karat|Insein_Township
554|David|Hughes|Swansea
145|K.|Sharma|Hubli
661|A.|Budjana|Banda_Aceh
309|Shweta|Khan|Latur
1433|Andres|Chavez|Sucre
644|Evan|Irama|Bangkalan
571|Jose|Dom Pedro II|Manaus
1249|Albertus Van|Dijk|Heerlen
1293|Henrique|Silva|Lisbon
555|Alberto|Costa|Guanhães
367|Ning|Wu|Baise
605|Fritz|Fischer|Ludwigsburg
314|Wei|Liu|Chaohu
930|Cam|Ho|Móng_Cái
265|John|Roy|Ajmer
1005|Rene|Buysse|Ottignies-Louvain-la-Neuve
1248|Adriaen|Jong|The_Hague
426|Wei|Chen|Kunming
627|Otto|Richter|Leipzig
385|Zhang|Chen|Shijiazhuang
616|Wolfgang|Muller|Hanover
670|Aburizal|Christian Uron|Magelang
475|Zhi|Zhao|Fushun
961|Ahmed|Abderrahmane|Batna
586|Marcelo|Souza|Belo_Horizonte
1250|Abraham Jacob van der|Berg|Leiden
799|Carlo|Antonio|Tuguegarao
811|Enrique|Salvador|Taguig
159|Vinod|Singh|Bardhaman
800|Francis|Aquino|Manila
183|John|Rao|Siliguri
1395|Aharon|Ben Dhifallah|Sfax
1202|Monja|Muni|Toamasina
384|Zhang|Li|Pudong
1317|El-Hadji Arona|Dia|Thies
706|Takashi|Suzuki|Setagaya
399|Yang|Zhu|Beiliu
796|Eddie|Cruz|Davao_City
1365|Jan|Nilsson|Uppsala
575|Carlos|Alves|Bagé
984|Ron|Smith|Melbourne
1377|El-Farouk|Adhia|Dar_es_Salaam
1253|Aad De|Jong|Utrecht
192|Joseph|Khan|Bhilai
342|Ning|Zhao|Daye
1374|Maria|Adhia|Arusha
564|Emperor of Brazil|Dom Pedro II|Santa_Maria
226|Anand|Rao|Haldwani
1087|Karl|Beran|Brno
929|Cam|Nguyen|Phan_Rang–Tháp_Chàm
1266|Daouda Malam|Diori|Dosso
425|Ben|Wang|Dali
956|Djelaludin|Jahani|Kandahar
1307|Radu|Antonescu|Constanța
778|Amir Abdullah Khan|Sheikh|Risalpur
903|John|Wilson|Tallahassee
825|Luis|Cruz|Bislig
1094|Barbara Kanam|LuaLua|Bukavu
1140|Dimitris|Antoniou|Patras
381|Zhang|Li|Chongzuo
1076|Eduardo|Alonso|Pinar_del_Río
1391|Apasra|Wattansin|Narathiwat
1178|Alfina|Aab|Astana
839|Boris|Berman|Krasnodar
775|Ahsan|Ahmed|New_Muslim_Town
1129|Henri|Adam|Lyon
894|James|Williams|Orlando
719|Sergio|Gonzalez|San_Nicolás_de_los_Garza
1199|Philibert|Aly|Mahajanga
204|Arjun|Kumar|Navi_Mumbai
394|Jun|Li|Anning
1280|Tomasz|Żuławski|Radom
179|A.|Khan|Kalimpong
1109|Mohamed|Akef|Sohag
941|Dặng Dinh|Ho|Huế
1072|Guillermo|Rodriguez|Santiago_de_Cuba
868|Alexey|Dobrunov|Volgograd
1312|Nicolae|Antonescu|Oradea
1206|Marguerite|Aly|Antsiranana
137|Karan|Khan|Berhampur
1376|Edward|Adhia|Mzumbe_morogoro
163|Sanjay|Singh|Anantapur_district
1300|Alice|Yang|Yunlin_County
446|Ning|Zhu|Beijing
457|Jie|Yang|Gaobeidian
1175|Luca|Bianchi|Florence
184|Rahul|Sharma|Bidar
890|Tom|Miller|San_Diego
677|Jun|Kato|Chiyoda
761|Aisam-Ul-Haq|Khan|Ahmedpur_Sial
169|Deepak|Singh|Purulia
1289|Mario|Santos|Faro
247|Deepak|Chopra|Bahadurgarh
865|Dmitry|Basov|Moscow_International_Business_Center
900|Tom|Brown|Baltimore
1409|Mehmet|Koksal|Gebze
550|Richard E.|Manyatsi|Kwaluseni
404|Wei|Chen|Fukang
543|Paul|Kelly|Dublin
1211|Ashley|Hassan|Penang
705|Kiyoshi|Goto|Sapporo
277|Ashok|Khan|Munsirhat
1077|Jose|González|Ciego_de_Ávila
562|Jose|Costa|Curitiba
1000|Maurice|Buysse|Liège
1347|Jesus|Perez|Valladolid
252|Abhishek|Reddy|Dehradun
853|Mikhail|Dobrunov|Kazan
165|Karan|Kapoor|Orissa
1367|Hans|Larsson|Borås
123|K.|Singh|Rourkela
248|R.|Khan|Silchar
1026|Jim|Smith|Hamilton
1352|Francisco|Alonso|Bilbao
500|Zheng|Li|Ganzhou
686|Takeshi|Yamamoto|Fujisawa
723|Carlos|Bravo|Ciudad_Obregón
1261|Ali|Diori|Zinder
918|Binh|Ho|Đông_Hà
1320|Abdoulaye|Diouf|Dakar
405|Li|Wang|Chaoyang
1324|David|Murray|Cape_Town
1447|Henry|Kalaba|Ndola
1240|Ganesh|Shrestha|Lumbini
1331|Neil|Coetzee|Bellville
199|Arjun|Reddy|Aizawl
1259|Ali|Lambo|Abidjan
116|Rahul|Kumar|Rohtak
361|Yang|Li|Changde
856|Daniil|Basov|Vologda
250|K.|Irani|Ghaziabad
1428|Luis|Rodriguez|Nueva_Esparta
777|Aamer|Baloch|Islamabad
998|Jonas|Hleb|Grodno
263|V.|Kumar|Warangal
826|Antonio|Aquino|Tagbilaran
136|Shweta|Irani|Kakinada
1372|Anders|Carlsson|Gothenburg
1276|Carlos|Sumac|La_Punta
508|Armando|Antonio|Luanda
734|Arturo|Alvarez|Oaxaca
1017|Prakash|Michie|Loikaw
339|Ben|Li|Bei'an
260|Arun|Khan|Ernakulam
1401|Mohamed|Baya|El_Mourouj
1116|James|Brown|York
889|George|Smith|Ann_Arbor
983|Peter|Anderson|Brisbane
505|Hao|Li|Artux
1263|Abdoulaye|Diori|Birni_Nkonni
1053|Hernan|Balmaceda|Iquique
816|Richard|Aquino|Malate
1442|Fekri Al|Glosca|Sana'a
496|Lin|Liu|Fuyang,
454|Bingjian|Wang|Shihezi
621|Wolfgang|Richter|Aachen
355|Chen|Zhang|Fujin
1172|Giuseppe|Donati|Milan
694|Takeshi|Yamamoto|Tokyo
146|Priyanka|Nair|Hamirpur
1169|Francesco|Bonomi|Pisa
144|K.|Singh|Cooch_Behar
1228|Daniel|Aboutaleb|Casablanca
1071|Emilio|Fernandez|Marianao
1218|Almira|Zelinsky|Ungheni
792|Babar|Malik|Khairpur
843|Alexander|Makarova|Saransk
558|Jose|Costa|Novo_Hamburgo
803|Juan|Aquino|Pasay
821|Juan|Garcia|Cagayan_de_Oro
276|Rahul|Rao|Chandigarh
349|Jie|Zhu|Macau
467|Li|Wang|Qiqihar
358|Yang|Wu|Songjiang_District
120|Sanjay|Kumar|Baharampur
893|Matt|Williams|Jacksonville
549|Marko|Balantic|Ljubljana
1061|Andrea|Agudelo|Cartagena
511|Jose|Cortez|Carmen_Pampa
880|Michael|Williams|Richmond
268|A.|Nair|Jalpaiguri
1142|Andreas|Ioannidis|Athens
538|Jan|Hagen|Oslo
1247|Ad|Mulder|Groningen
1272|Francisco|Sumac|Chosica,Lima
886|Jack|Brown|Notre_Damena
200|Nikhil|Rao|Jhansi
565|Rafael|Gomes|Goiânia
297|R.|Kumar|Gujarat
241|V.|Rao|Mangalore
607|Otto|Schmidt|Augsburg
1382|Chutima|Wattansin|Nakhon_Pathom_Province
623|Hans|Muller|Flensburg
665|Zaenal|Budjana|Mataram
759|Faisal|Khan|http://maps.google.com/maps?ll=25.530889,69.017306&spn=0.01,0.01&t=m&q=25.530889,69.017306
317|Jie|Xu|Zhangzhou
914|Nguyen Huu|Nguyen|Quy_Nhơn
127|Anant|Reddy|Kalyani
604|Hans|Schmidt|Lörrach
531|Med|Hondo|Nouakchott
1257|Albade|Djibo|Tessaoua
430|Wei|Xu|Danzhou
150|Joseph|Kumar|Visakhapatnam
460|Zheng|Yang|Beizhen
955|Abdul Rashid|Zaland|Kabul
850|Andrei|Popov|Murmansk
996|Ivan Ignatyevich|Hleb|Minsk
290|Nikhil|Singh|Gaya
185|Ashok|Singh|Puttur
1335|Hyo-Jin|Yoon|Suwon
1329|Bill|Calvert|Mthatha
966|Abdel|Abdeslam|Chief
916|Anh|Boutteville|Hanoi
1101|Ahmed|Abdul Hamid|Monufia_Governorate
329|Jie|Li|Danyang
1099|Édouard|Yves|Bas-Congo
917|Đinh Diễm Liên|Nguyen|Nha_Trang
325|Hao|Chen|Xi'an
419|Jun|Li|Beibei_District
420|Yang|Zhang|Shantou
1452|Lukwesa|Kalaba|Lusaka
228|Shweta|Kumar|Vijayawada
1204|Claude|Aly|Antanifotsy
1378|Cleopa|Chung|Mbeya
412|Emi|Liu|Emeishan
312|Hao|Xu|Donggang
428|Yang|Chen|Brooklyn
1353|Maithripala|Gunasekera|Kelaniya
658|Abdul Haris|Gallagher|Jakarta
365|Wei|Yang|Gaocheng
1069|Mauricio|Gonzalez|Medellín
1394|Bechir|El Abdy|Etadhamen
873|David|Smith|Nashville
186|Rahul|Singh|Maharashtra
450|Wei|Zhang|Dongying
727|Adolfo|Gonzalez|Montemorelos
745|Gabriel|Rodriguez|San_Luis_Potosí
1138|Dimitris|Antoniou|Thessaloniki
474|Xiaolu|Wang|Yinchuan
828|Richard|Santos|San_Miguel
992|Viktor|Aleksandrov|Bobruysk
1155|Janos|Kovacs|Debrecen
606|Kurt|Becker|Fulda
752|Alejandro|Mendez|Nuevo_Laredo
1386|Chakrit|Charoenpura|Lampang
692|Hideki|Kato|Shimonoseki
257|Kunal|Khan|Shimoga
197|A.|Singh|Anand
1387|Wuttichai|Boy|Chiang_Mai
1065|Jaime|Rodriguez|Bucaramanga
1165|Reza|Bahadori|Isfahan
1168|Luigi|Bruno|Venice
817|Ramon|Santos|Dagupan
1375|Placidus|Baldini|Morogoro
1412|Andriy|Kofler|Kiev
762|Salma|Khan|Lahore
598|Hermann|Becker|Friedberg
1085|Jana|Lederer|Ústí_nad_Labem
1027|Jack|Smith|Saskatoon
1229|Khalid|Dayan|Marrakech
1238|Amisha|Shrestha|Kirtipur
392|Zheng|Li|Gejiu
181|A.|Reddy|Alappuzha
1415|Vladimir|Kobzon|Kharkiv
758|Ahsan|Butt|Swat
281|Rahul|Khan|Nalanda
569|Ary|Dom Pedro II|João_Monlevade
1398|Abderraouf|Delanoë|Sousse
1287|Joao|Moreira|Porto
1055|Claudio|Pinto|Temuco
963|Jacques|Abdeslam|El_Harrach
1381|Andrew|Kibona|Zanzibar
794|Eugenio|Reyes|Cabuyao
699|Kaoru|Sato|Hamamatsu
283|Prakash|Kapoor|Faridabad
488|Lei|Li|Dingzhou
480|Zhang|Zhang|Fuding
1121|Aisso|Mamo|Nekemte
870|Boris|Berman|Gorno-Altaysk
619|Walter|Muller|Ilmenau
599|Werner|Schmidt|Wedel
1308|Gheorghe|Popescu|Iași
1083|Peter|Kerndlova|Mladá_Boleslav
1020|Bill|Brown|Toronto
1449|Lily Tembo|Kalaba|Kabwe
591|Sergio|Machado|Campo_Grande
1010|Ernest B|Merton|Taungoo_Township
213|Kamal|Reddy|Arambag
468|Zheng|Wang|Alashankou
1434|Fekri Al|Gillett|Al_Hudaydah
266|Deepak|Nair|Raipur
772|Javed|Malik|Karachi
429|Anson|Wang|Botou
748|Sergio|Abascal|Tepic
1113|Peter|Smith|Newcastle_upon_Tyne
153|Nikhil|Singh|Agra
698|Masahiro|Yamada|Bunkyo
750|Ramon|Mendez|Chapingo
214|Abhishek|Sharma|Howrah
322|Ai|Zhao|Deyang
1427|Luis|Blanco|Barquisimeto
1392|Elli Robert Fitoussi|El Abdy|La_Marsa
469|Chen|Zhang|Huainan
809|Jose|Reyes|Los_Baños
295|Shweta|Khan|Thiruchendur
1100|Albert|Mahmoud|Alexandria
287|Amit|Rao|Bhubaneswar
847|Igor|Gusev|Omsk
380|Chen|Yang|Dezhou
402|Zhang|Hu|Conghua
743|Antonio|Garcia|Colima
507|Lei|Zhang|Shanxi
822|Vicente|Aquino|Cavite_City
690|Hideki|Suzuki|Akita_City
841|Aleksandr|Feltsman|Barnaul
190|A.|Khan|Hyderabad
1215|Abby|Hassan|Terengganu
656|Aa Ngurah|Thielsch|Bengkulu
1414|John|Kobzon|Dnipropetrovsk
764|Amjad Islam|Ahsan|Shorkot
535|John|Smith|Auckland
1105|Atef|Hafez|El_Shorouk
626|Walter|Fischer|Iserlohn
415|Chen|Chen|Changning
912|Cam|Ho|Tuyên_Quang
1413|Anna|Eduard|Mykolaiv
167|Sanjay|Khan|Coimbatore
403|Jun|Li|Dangyang
1084|Otto|Kerndlova|České_Budějovice
669|Abdul Haris|Adianto|Kupang
487|Anson|Wang|Bazhou
972|Roberto|Diaz|Buenos_Aires
1003|Rene|Bettens|Tonbridge
267|Amit|Khan|Kerala
1156|George|Toth|Veszprém
451|Wei|Wang|Fenyang
911|Robert|Anderson|Ithaca
330|Jun|Xu|Changzhi
588|Jose|Santos|Brasília
1015|Ernest B|Merton|Taungoo
391|Bingyi|Wang|Ankang
711|Takeo|Sato|Kagoshima
206|Naresh|Nair|Patna
1176|Carlo|Rossi|Turin
662|Alexander G.|Balawan|Banjarmasin
525|Ken|Vang|Vientiane
1273|Alberto|Castillo|Huancayo
296|K.|Singh|Gwalior
801|Boy|Gonzales|Cebu_City
1425|Neil|Smith|Bristol
528|Ahmed|Muntasir|Benghazi
422|Jun|Zhu|Feicheng
612|Fritz|Muller|Trier
1288|Joao|Silva|Steenokkerzeel
1302|Yang|Yang|Kaohsiung
573|Fernanda|Oliveira|São_Carlos
1004|Wouter|Capelle|Antwerp
1380|Stephen|Adjaye|Dodoma
968|Jean|Alcazar|El_Oued
819|Cesar|Manalo|Makati
1141|Dimitris|Dionysiou|Kalamata
532|Daendranath|Doorga|Moka
1150|George|Kiss|Szeged
128|Karan|Singh|Delhi
802|John|Lopez|Roxas
1349|Jose|Sanchez|Vigo
353|Yang|Li|Bijie
676|Koji|Ito|Chiba
236|A.|Sharma|Belgaum
654|Anang|Budjana|Central_Jakarta
784|A. K.|Qureshi|Abbottabad
1170|Luigi|Ferrari|Naples
544|Andrijana|Madzirov|Skopje
946|Chau|Loan|Bạc_Liêu
1016|Eric|Munro|Yangon
620|Hans|Becker|Stuttgart
286|Arjun|Khan|Kottayam
1393|Ammar|David|Bizerte
934|Cam|Loan|Trà_Vinh
328|Hao|Wang|Baotou
1143|George|Giannopoulos|Trikala
1018|Zienia|Michie|Pyin_U_Lwin
473|Wei|Yang|Gaoyou
251|Rahul|Singh|Rajahmundry
979|Juan|Cejas|San_Miguel_de_Tucumán
908|John|Davis|Cleveland
1333|Angie|Choi|Seoul
909|Tom|Williams|St._Louis
373|Lei|Chen|Dunhua
718|Carlos|Salas|Culiacán
453|Cheng|Li|Anlu
617|Hans|Muller|Nuremberg
1064|Andres|Betancourt|Armenia
1421|Volodymyr|Foxx|Odessa
990|Andrey|Hleb|Vitebsk
1246|Balbhadra|Gurung|Rajbiraj
937|Le Thu|Ho|Hung_Yen_province
810|Isabel|Garcia|Silang
1277|Wojciech|Borchardt|Gdańsk
1351|Manuel|Bravo|Valencia
292|Shweta|Khan|Gangtok
536|Claribel|Astorga|Managua
954|Abdul|Aman|Asadabad
717|Jose|Gonzalez|Zacapoaxtla
1296|Joao|Silva|Funchal
789|Babar|Ahmed|Sahiwal_Division
256|A.|Reddy|Guwahati
1453|John|Haarhoff|Chingola
835|Leonid|Markov|Zhukovsky
148|Deepak|Sharma|Tiruchirappalli
1108|Mohamed|Chedid|Bilbeis
503|Yang|Zhang|Fenghua
1035|Nol|Pot|Battambang
583|Luiz|Gomes|Recife
657|Aa Ngurah|Irama|Manokwari
933|Ching|Nguyen|Điện_Biên_Phủ
997|Alexandre|Hleb|Brest
846|Alexander|Popov|Kemerovo_Oblast
1187|Maxim|Aubakirov|Oral
666|Donatus|Budjana|Jimbaran
837|Alexander|Ivanov|Perm
696|Prince|Yamada|Toyota
518|Juan Carlos|Ramirez|San_Salvador
379|Chen|Liu|Beipiao
1354|Mahinda|Perera|Elpitiya
1244|Amisha|Bajracharya|Lalitpur
1029|Jim|Roberts|Montreal
1260|Hamani|Abouba|Niamey
1146|Kostas|Fampas|Piraeus
151|Ashok|Khan|Gandhinagar
327|Jun|Wu|Baoshan
141|Shweta|Singh|Vellore
877|Robert|Davis|New_York_City
1220|Victor|Bologan|Comrat
578|Sergio|Santos|Salvador
625|Hans|Frank|Mainz
132|Joseph|Sen|Ahmedabad
863|Galina|Ivanov|Saratov
400|Hao|Zhang|Fuquan
1193|Ali|Leakey|Kitale
509|Ludwig|Fuchs|Vienna
848|Evgeny|Kahnovich|Bishkek
1286|Witold|Ciesla|Warsaw
820|Ramon|Santos|Tacloban
187|Sanjay|Khan|Kolhapur
1164|Mohammad Ali|Kamkar|Tabriz
225|Amit|Rao|Hisar
920|Hồ Mạnh Dũng|Hoang|Bắc_Giang
715|Manuel|Alvarez|Mexicali
641|Chairil|Lesmana|Surakarta
1057|Jorge|Gonzalez|Puerto_Montt
663|Abdul Rahman|Gallagher|Jambi_City
786|Ahsan|Ahmed|Rawalpindi
242|Shweta|Sharma|Nellore
1439|Abdulwahab|Kessar|Ta'izz
504|Lei|Zhang|Gao'an
411|Yang|Wang|Quanzhou
836|Alexey|Popov|Yekaterinburg
382|Baby|Yang|Baoji
1275|Claudia|Vasquez|Lima
1021|Bill|Roberts|Fredericton
1102|Youssef|Chedid|Cairo
1159|Reza|Banan|Shahrekord
702|Kenji|Sato|Machida
464|Cheng|Zhang|Chibi
923|Bich Phuong|Nguyen|Nghe_An_province
595|Otto|Muller|Wernigerode
395|Peng|Zhang|Dexing
695|Hiroko|Suzuki|Toyohashi
608|Fritz|Bach|Berlin
409|Bing|Liu|Enping
907|Scott|Wilson|New_Orleans
1255|Ad|Dijkstra|Tilburg
494|Baby|Li|Chengdu
601|Richard|Becker|Ingolstadt
1106|Mohamed|Hassan|New_Cairo
770|John|Sheikh|Faisalabad
198|Shweta|Reddy|Sion
1082|Jana|Kurková|Prague
773|Imtiaz|Khan|Tando_Jam
637|Amrozi Bin|Gallagher|Surabaya
1147|Konstantinos|Antoniou|Larissa
703|Kenji|Kato|Osaka
1006|Marcel|Buysse|Canterbury
489|Chen|Yang|Suzhou
359|Chen|Zhao|Benxi
506|Zheng|Zhu|Dashiqiao
285|Javed|Rao|Guntur
156|Arjun|Khan|Durgapur
227|Rahul|Sharma|Dum_Dum
1254|Alfred|Berg|Amsterdam
993|Aleksandr|Hleb|Mogilev
154|Abhishek|Singh|Loni
805|John|Cruz|Legazpi
1036|Vichara|Chau|Borey_Seang_Nam
319|Hao|Zhang|Genhe
282|Prakash|Kumar|Jabalpur
707|Hideo|Kobayashi|Hachinohe
901|Robert|Brown|Houston
386|Lei|Zhang|Hangzhou
1104|Ahmad|Mahmoud|Giza
1323|Bacary|Lima|Rufisque
1044|Alfred|Bona|Maroua
731|Alejandro|Gomez|Querétaro
881|John|Lewis|New_York
1054|Alberto|Araya|Valparaíso
904|Robert|Jones|Boston
168|Deepak|Reddy|Gurgaon
207|Meera|Sharma|Jajapur
1111|Jack|Williams|Manchester
1315|Ibrahima Iyane|Mendy|Kolda
833|Denis|Ivanov|Rostov
1437|Avraham|Al-Shorabi|Ibb
838|Alexander|Ivanov|Yaroslavl
967|Adel|Abdeslam|Annaba
341|Peng|Chen|Beihai
1271|Adrian|Allende|Jesús_María
320|Yang|Li|Baicheng
540|Billy|Barahona|Panama_City
170|Deepak|Singh|Kodambakkam
722|Manuel|Garcia|Antón_Lizardo
240|Deepak|Singh|Chetpet
333|Zhang|Zhang|Fuyang
1404|Ahmet|Yildiz|Çankaya
458|Li|Hu|Tianjin
813|Antonio|Gonzales|Lipa
304|Deepak|Reddy|Thiruvananthapuram
1264|Ali|Abouba|Agadez
135|Ashok|Sharma|Nagpur
1162|Mehdi|Khaleghi|Zanjan
484|Ge|Chen|Daqing
958|Faiz|Qaderi|Herat
1262|Mahamane|Abouba|Tahoua
867|Mikhail|Basov|Ufa
1304|Bangguo|Hsu|Tainan
1430|Augusto|Rodriguez|Maracaibo
1019|Fali Sam|Karat|Meiktila
1128|Aisso|Negga|Jimma
1444|Jimmy|Tembo|Luanshya
210|Amit|Kapoor|Ranchi
216|Amit|Singh|Kasaragod
1033|Norodom|Nath|Ta_Khmau
340|Lei|Zhang|Anguo
139|Rahul|Rao|Thirthahalli
421|Michael|Zhang|Dazhou
964|André|Abdelli|Guelma
262|Amit|Kumar|Talcher
133|Abhishek|Kapoor|Pune
769|Asim|Malik|Quetta
885|Paul|Wilson|Phoenix
1060|Alvaro|Araujo Castro|Bogotá
622|Hermann|Schmidt|Frankfurt
888|James|Wilson|Los_Angeles
1443|Abdulwahab|Ben-Tzur|Al_Mukalla
211|A.|Gupta|Gulbarga
331|Chen|Wu|Yueyang
977|Antonio|Irigoyen|Presidencia_Roque_Sáenz_Peña
1098|Jean-Pierre|Kanam|Lubumbashi
640|Amrozi Bin|Gallagher|Tangerang
596|Hermann|Muller|Greifswald
1291|Nuno|Pereira|Braga
630|Ernst|Fischer|Konstanz
258|Abhishek|Singh|Kollam
1343|Javier|Sanchez|Salamanca
1123|Esti|Guelleh|Mek'ele
1407|Zeki|Ak|Gaziantep
1130|Nicolas|Charpentier|Toulouse
397|Li|Wang|Gaomi
1028|Bill|Taylor|Vancouver
728|Eugenio|Gonzalez|Pedro_Escobedo
704|Hiroshi|Suzuki|Aichi_Prefecture
674|Kazuo|Kato|Nagoya
858|Alexei|Popov|Krasnoyarsk
687|Kenji|Sato|Okazaki
299|John|Kumar|Palakkad
1119|Sirak|Mamo|Dire_Dawa
988|James|Watson|Parkville
829|Eddie|Aquino|Cabanatuan
1163|Parviz|Derderian|Qazvin
271|Shweta|Sharma|Udaipur
519|Ain-Ervin|Laur|Tallinn
714|Miguel|Rodriguez|Monterrey
147|Shweta|Anand|Kanpur
1330|Jan|Dube|Johannesburg
921|Chau|Tran|Bến
572|Jose|Costa|Campinas
1358|P.|Perera|Kandy
1390|Chakrit|Charoenpura|Songkhla
1007|Maurice|Aa|Medway
356|Jun|Xu|Chuzhou
246|Deepak|Sharma|Karnataka
650|Abdul Rahman|Anwar|Bali
872|James|Johnson|New_Haven
999|Aleksandr|Linchuk|Barysaw
1337|Akihiko|Joo|Daejeon
760|Ahmed|Ali|Sialkot
1167|Ali Akbar|Kamkar|Qom
1103|Ahmad|Aziz|Beni_Suef
667|Artika Sari|Anwar|Ambon
1313|Mircea|Bajenaru|Târgoviște
633|Wolfgang|Engel|Kassel
280|Shweta|Rao|Poonamallee
978|Carlos|Alvarez|Rosario
1046|Patrick|Ateme Elanga|Kumba
691|Daisuke|Yamada|Nagasaki
492|Yang|Zhang|Dalian
1135|Jean-Pierre|David|Nancy
766|Javed|Baloch|Swabi
932|Anh|Pham|Thanh_Hóa
547|Edwin|Akbar|SingaporeCity
1090|Mathieu|Kanam|Kinshasa
945|Don|Ho|Cua_Lo
721|Jorge|Alvarez|Villahermosa
577|Paulo|Silva|Campos_dos_Goytacazes
1207|Abu Bakar Bin|Wong|Cyberjaya
1363|Carl|Andersson|Rovaniemi
174|John|Sharma|Meerut
965|Abdelmadjid|Abdelli|Bab_Ezzouar
418|Zhong|Wei|Lanzhou
1361|Anura|Banda|Malabe
693|Minoru|Sato|Aomori
631|Walter|Schmidt|Wiesbaden
681|Shigeru|Sato|Sagamihara
1001|Henri|Martens|Leuven
962|Yacine|Amsalem|Tiaret
526|Aleksandrs|Ankipans|Riga
193|Prakash|Roy|Tirunelveli
1270|Manuel|Candamo|Arequipa
871|Alexei|Berman|Irkutsk
818|Antonio|Reyes|Angeles
1339|Akihiko|Yoon|Busan
234|John|Kumar|English_Bazar
1265|Ismael|Mainassara|Maradi
673|Ahmad|Gallagher|Tegal_Regency
600|Richard|Wagner|Möckern
589|Fernanda|Costa|Itajubá
814|Eduardo|Reyes|Zamboanga_City
1032|Vichara|Sihanouk|Kampong_Speu
270|John|Chatterjee|Manipal
1310|Constantin|Popescu|Brașov
592|Celso|Nascimento|Niterói
645|A.|Rafiq|Ciputat
481|Jie|Li|Dengzhou
587|Jose|Machado|Serro
375|Wei|Liu|Guangzhou
326|Michael|Zhang|Ezhou
220|Shweta|Nair|Greater_Noida
512|Enis|Basic|Sarajevo
1309|Nicolae|Popescu|Galați
1025|John|Smith|Winnipeg
953|Mamoon Eshaq 0|Jahani|Jalalabad
1186|Alexandr|Akhmadiyeva|Almaty
476|Cheng|Wang|Dongxing
751|Adolfo|Gonzalez|Morelia
398|Jun|Chen|Ürümqi
974|Sergio|Garcia|Posadas
879|George|Moore|Philadelphia
973|Juan|Diaz|Various
551|Franz|Muller|Geneva
1171|Mario|Rossi|Trieste
926|Ching|Nguyen|Thái_Bình
899|Paul|Williams|Austin
1160|Ali|Kamkar|Babol
1403|Zeki|Koksal|Istanbul
442|Zhang|Zhang|Putian
1416|Yaroslav|Foxx|Uzhhorod
293|Rahul|Singh|Nerul
636|A.|Rafiq|West_Java
590|Marcelo|Nascimento|Lagoa_da_Prata
413|Zheng|Li|Anqiu
1318|Mahama Johnson|Faye|Louga
927|Ching|Do|Mỹ_Tho
1190|Adam|Gachamba|Kikuyu
783|Imtiaz|Ahmed|Dera_Ismail_Khan
1051|Carlos|Araya|Santiago
410|Lei|Zhang|Dehui
582|Fernanda|Dom Pedro II|São_Paulo
311|Anson|Li|Chishui
310|Zhang|Zhang|Zhengzhou
455|Boran|Feng|Golmud
452|Lin|Yang|Hengyang
515|Adolf Topić|Ecclestone|Zagreb
1328|Alexander|Murray|eMalahleni
869|Anna|Dobrunov|Zaoksky
1112|Mark|Taylor|Leicester
615|Werner|Lorenz|Hamburg
1431|Angela|Alvarez|Monagas
1132|Paul|David|Lille
437|Cheng|Zhang|Arxan
1059|Eduardo|Pinto|Concepción
235|John|Sharma|Bankura
910|John|Wilson|Portland
1198|Marguerite|Ravalomanana|Amparafaravola
1400|Dhafer|Ben Dhifallah|Tunis
985|George|Watson|Perth
922|Jacqueline|Loan|Da_Nang
335|Yang|Chen|Dunhuang
344|Cheng|Wang|Harbin
155|Amit|Singh|Jind
1063|Alfonso|Rodriguez|Manizales
1048|Axelle|Atem|Bamenda
737|Jorge|Gonzalez|Tlatelolco
1122|Katarina|Caveda|Awasa
1426|Carlos|Blanco|Caracas
675|Hideyuki|Suzuki|Yokosuka
202|K.|Sharma|Asansol
574|Caroline|Silva|Carangola
1332|John|Coetzee|Pretoria
986|John|Brown|Darlington
747|Manuel|Gonzalez|Coyoacán
995|Alexander|Hleb|Borisov
987|Paul|Burns|Camperdown
680|Masao|Matsudaira|Hachiōji
635|Taufik|Anwar|Gorontalo
859|Leonid|Efimkin|Voronezh
143|Amit|Irani|Anantapur
224|Rahul|Reddy|Aurangabad
1384|Jetsada|Boy|Pathum_Thani_Province
316|Peng|Yang|Bayannur
1373|Andrew|Bomani|Mwanza
372|Michael|Liu|Ergun
244|Shweta|Rao|Madurai
332|Jun|Zhao|Diaobingshan
1153|Tamas|Laszlo|Zalaegerszeg
357|Hao|Zhang|Cenxi
1224|Grigore|Goma|Balti
685|Koichi|Sato|Toyoake
1436|Zahar Omar Hamis Bin|Binalshibh|Dhamar
1024|Rick|Miller|London
1078|Jose|Estefan|Santa_Clara
1049|Samuel|Atangana|Douala
130|K.|Roy|Kochi
1233|Ahmed|Aboub|Agadir
1092|Jean-Pierre|Bembo-Leta|Baraka
1371|Carl|Johansson|Örebro
1311|Zoltan|Kovacs|Arad
1030|Chuon|Dany|Kampong_Cham
1290|Artur|Gomes|Almada
479|Lei|Zhang|Chongqing
1009|Albert|Buysse|Brussels
1410|Burak|Koksal|Kadıköy
249|Naresh|Sharma|Kandivali
832|Boris|Basov|Tula
162|John|Kapoor|Srikakulam
440|Bingjian|Zhang|Nan'an_District
472|Yang|Zhang|Wuhan
735|Eduardo|Elizalde|Jiquilpan
1133|Rene|Robin|Aix-en-Provence
495|Zheng|Yang|Binzhou
1200|Philibert|Muni|Antsirabe
253|A.|Nair|Kozhikode
1346|Javier|Perez|Seville
164|Meera|Narayan|Kolkata
112|Shweta|Singh|Rewari
1227|Alexander|Aflalo|Oujda
160|Shweta|Sharma|Moga
936|Anh|Ha|Tuy_Hòa
273|Rahul|Kumar|Dhenkanal
388|Zhong|Zhang|Changzhou
642|Aa Ngurah|Rafiq|Makassar
1182|Andrey|Aab|Pavlodar
552|Moses|Znaimer|Dushanbe
1152|Ferenc|Kiss|Salgótarján
729|Hector|Rodriguez|Ensenada
237|Priyanka|Reddy|Namakkal
774|Babar|Khan|Surat,India
1043|Emanuel|Akongo|Bangangté
1340|Eun-Hye|Kim|Andong
520|Antti|Lehtinen|Helsinki
530|Angelo|Collinson|San_Gwann
1136|Michel|Breton|Grenoble
1301|Angela|Hsu|Hsinchu
560|Sergio|Almeida|Petrópolis
1201|Monja|Vital|Antananarivo
1158|Mostafa|Kamkar|Shiraz
1181|Marat|Akhmadiyeva|Oskemen
1226|Alexei|Barbu|Soroca
545|Bishop Augustin|Mbonabucya|Butare
855|Alexander|Popov|Ivanovo_Oblast
1038|Nim|Dany|Sihanoukville
982|John|Jones|Canberra
767|Javed|Hussain|Taxila
383|Bing|Yang|Chenzhou
807|Juan|Aquino|Dumaguete
1283|Feliks|Zalewski|Lublin
345|Peng|Li|Anshan
649|Taufik|Balawan|Serang
1031|Sinn|Pilika|Siem_Reap
653|Taufik|Antono|Manado
957|Mariam|Darya|Gardēz
887|David|Williams|Pittsburgh
315|Lin|Yang|Changji
561|Marcelo|Silva|Passos
308|Anupam|Rao|Sambalpur
352|Lei|Chen|Dengta
125|Arjun|Kapoor|Noida
797|Francis|Aquino|Iligan
659|Anastasia|Lesmana|Tarakan
336|Jie|Chen|Nanning
971|Carlos|Alvarez|Mendoza
683|Daisuke|Suzuki|Kyoto
1225|Alexei|Barbu|Bender
1179|Berik|Aubakirov|Aktobe
1066|Gabriel|Rojas|Cali
1118|Gary|Hill|Leeds
1011|Chris|Hall|Sittwe_District
579|Sergio|Souza|Ribeirão_Preto
1448|Rainford|Tembo|Kasama
182|R.|Rao|Davangere
1334|Min-Jung|Cho|Seongbuk-gu
142|K.|Sharma|Surat
563|Jose|Silva|Poços_de_Caldas
1441|Israel|Gillett|Aden
793|Aaron|Santos|Iloilo_City
689|Megumi|Suzuki|Nagakute
840|Eugenia|Popov|Biysk
194|Arjun|Kumar|Moradabad
788|Aisam-Ul-Haq|Hussain|Khyber_Pakhtunkhwa
1237|Ruby|Chiri|Nala
513|Ivan|Georgiev|Sofia
646|Taufik|Balawan|Manokwari_Regency
360|Lei|Zhang|Datong
845|Aaron David|Popov|Moscow
1359|Gamini|Bandaranaike|Peradeniya
443|Wei|Yan|Dafeng
498|Lei|Li|Nanjing
896|John|Davis|Milwaukee
369|Zheng|Zhao|Fangchenggang
915|Cam|Nguyen|Thái_Nguyên
371|Chen|Li|Baoding
239|A.|Kumar|Palayamkottai
823|Gregorio|Cajes|Quezon_City
1446|John|Tembo|Monze
1093|Djembo|Kanam|Boma
338|Lei|Chen|Fuqing
1039|Chuon|Pilika|Pursat
905|Paul|Wilson|Washington
138|John|Sharma|Darbhanga
459|Li|Zhao|Shanghai
514|Nassour Guelendouksia|Yoadimnadji|ChadCity
1184|Indira|Akhmadiyeva|Semey
115|Arjun|Sharma|Shibpur
1183|Abay Ibrahim|Akhmadiyeva|Taraz
556|Jose|Souza|Santos
935|Batong|Nguyen|Phủ_Lý
1137|Michel|David|Nantes
1145|Vasilis|Fampas|Karditsa
245|John|Roy|Karaikudi
272|R.|Sharma|Tiruvallur
435|Yang|Wang|Gaozhou
221|Ashok|Singh|Jorhat
427|Bingbing|Liu|Fu'an
763|Babar|Ahmad|Kahuta
566|Jose|Santos|Londrina
1406|Burak|Gokbakar|Bursa
1213|Victor|Lee|Wilayah_Persekutuan_Kuala_Lumpur
122|Priyanka|Kapoor|Tezpur
634|Franz|Becker|Weimar
172|Abhishek|Khan|Mahishadal
664|Taufik|Rafiq|Pontianak
119|Deepak|Khan|Shillong
989|Peter|Taylor|Adelaide
1180|Marat|Kolessov|Karagandy
354|Jun|Yang|Aral
874|Tom|Williams|San_Francisco
233|A.|Khan|Nalgonda
898|James|Brown|Fayetteville
557|Marcelo|Santos|São_Luís
1355|M|Perera|Matara
301|John|Singh|Secunderabad
1357|Chand|Perera|Colombo
1303|Alec|Hsu|Taipei
1114|Jimmy|Cooper|Durham
1350|Luis|Martinez|San_Sebastián
433|Hao|Wang|Nanchang
812|Antonio|Sotto|Biñan
647|Chris|Budjana|Purwokerto
407|Ning|Zhang|Changyi
232|John|Kapoor|Dharwad
1149|Laszlo|Balog|Budapest
628|Otto|Muller|Cologne
1221|Alexandre|Patras|Cahul
1042|Joseph|Bona|Garoua
861|Ivan|Ivanov|Chita
1450|Lukwesa|Mbikusita-Lewanika|Mufulira
1389|Narong|Supinyo|Hat_Yai
1231|Khalid|Peretz|Sale
700|Prince|Masuhara|Nisshin
736|Miguel|Elizalde|Irapuato
387|Chen|Liu|Fuzhou
158|Rahul|Kumar|Raichur
1002|Georges|Martens|Paris
648|Asyifa|Budjana|Samarinda
114|Shweta|Rao|Thane
1148|János|Mészáros|Győr
396|Hao|Zhang|Zhuhai
166|Aamir|Khan|Kalady
288|Rahul|Singh|Fatehgarh_Sahib
157|K.|Singh|Sangrur
584|Sergio|Santos|Porto_Alegre
1294|Manuel|Carvalho|Évora
1344|Jose|Flores|Madrid
610|Karl|Becker|Kempten
434|Zhi|Xu|Baishan
